,ev_city,ev_country,ev_state,latitude,longitude
46,NIGHTMUTE      ,USA,AK,60.4794444,-164.7238889
50,UTICA          ,USA,NY,43.100903,-75.232664
56,Toronto,CA,,43.653226,-79.3831843
92,Sydney,AS,,-33.9720475,151.1443249
116,GRAND JUNCTION ,USA,CO,39.0638705,-108.5506486
120,JUNEAU         ,USA,AK,58.3019444,-134.4197222
129,YUBA CITY      ,USA,CA,39.1404477,-121.6169108
149,Sidney,USA,MT,47.7166836,-104.1563253
153,Lake in the Woods,CA,ON,49.6476751,-94.55534229999999
163,KEMMERER       ,USA,WY,41.792447,-110.5376692
187,Anaco,VE,,9.429229699999999,-64.4674203
257,UMIAT          ,USA,AK,69.367233,-152.143295
296,LA FORTUNA ,PA,,8.7441806,-82.2498416
298,Bologna,IT,,44.494887,11.3426163
325,Madinah,SA,,24.5246542,39.5691841
402,ATLANTA        ,USA,GA,33.7489954,-84.3879824
435,HINCHINBROOK   ,USA,AK,60.4159619,-146.584975
442,SOUTH BEND     ,USA,IN,41.6763545,-86.25198979999999
472,Arnos Vale,VC,,13.1437775,-61.2087871
485,Portreath,UK,,50.260642,-5.288665
489,AMERICAN RIVER ,USA,AK,57.6392339,-152.5190027
498,Raleigh,USA,NC,35.7795897,-78.6381787
499,BENSON         ,USA,AZ,31.9678611,-110.2945174
524,VIEKODA BAY    ,USA,AK,57.9247222,-153.2580556
530,JAGO RIVER     ,USA,AK,69.0836838,-143.5736342
540,TANZANIA       ,SU,,,
552,MIAMI          ,USA,FL,25.7616798,-80.1917902
564,Guatemala City,GT,,14.6349149,-90.5068824
658,VALLE          ,USA,AZ,35.657139,-112.203712
686,ORMOND BEACH   ,USA,FL,29.2858129,-81.0558894
710,"Steep, Hampshire, UK",UK,,51.0227315,-0.9421156
760,MANLEY HOT SPRG,USA,AK,65.0308333,-150.74
769,EAGLE          ,USA,AK,64.78805559999999,-141.2
800,Elkins Creek BC,CA,,51.512778,-123.804444
830,Makarakskiy,RS,,,
844,SHANNON,EI,,52.7181264,-8.8745256
899,MILWAUKEE      ,USA,WI,43.0389025,-87.9064736
911,Egelsbach,GE,,,
921,Bangkok,TH,,13.7563309,100.5017651
963,CLEVELAND      ,USA,OH,41.49932,-81.6943605
965,HAMILTON       ,CA,,43.25002080000001,-79.8660914
995,COMORSO ISLANDS,ET,,30.0225,31.2261111
1000,Shanghai,CH,,34.0848366,115.3243971
1024,Denham,UK,,51.56958299999999,-0.493857
1071,New York City,USA,NY,40.7127837,-74.0059413
1084,WAINWRIGHT     ,USA,AK,70.63694439999999,-160.0383333
1101,PALM SPRINGS   ,USA,CA,33.8302961,-116.5452921
1112,ALIQUIPPA      ,USA,PA,40.615537,-80.26218519999999
1129,ADWA  ,ET,,14.1636465,38.8937176
1141,JUNEAU         ,USA,AK,58.3019444,-134.4197222
1172,GERONA SPAIN   ,SP,,41.9794005,2.8214264
1176,HOLLAND        ,NL,,-30.2317563,29.7498426
1190,TALKEETNA      ,USA,AK,62.32090460000001,-150.1066221
1211,DIJON,FR,,47.322047,5.04148
1232,CHINLE         ,USA,AZ,36.1544483,-109.5526072
1237,PORT LIONS     ,USA,AK,57.8675,-152.8822222
1274,St. George,USA,UT,37.0965278,-113.5684164
1296,W CAMERON BLK  ,,GM,,
1304,JUNEAU         ,USA,AK,58.3019444,-134.4197222
1323,PHILADELPHIA   ,USA,PA,39.9525839,-75.1652215
1350,Kiim,EC,,-3.7844325,-78.90442379999999
1359,ATMAUTLUAK     ,USA,AK,60.8669444,-162.2730556
1403,UNALAKLEET     ,USA,AK,63.87305559999999,-160.7880556
1421,NEAR PORT ALSWO,USA,AK,60.20249999999999,-154.3127778
1424,PEDRO BAY      ,USA,AK,59.7872222,-154.1061111
1425,Kirksville,USA,MO,40.19475389999999,-92.5832496
1436,East Midlands,UK,,52.821632,-1.147234
1466,DENVER         ,USA,CO,39.7392358,-104.990251
1468,VIENNA,AU,,48.23147609999999,16.3569798
1479,CONGO TOWN     ,CF,,5.127894,21.24472
1480,KETCHIKAN      ,USA,AK,55.34222219999999,-131.6461111
1530,Nuevo Michoacan,MX,,19.6960536,-102.5247836
1609,Mexico City,MX,,19.4326077,-99.133208
1619,TAMPICO        ,MX,,22.2331041,-97.861099
1638,Paris,FR,,48.856614,2.3522219
1657,VALENSOL,FR,,43.837064,5.983242
1670,SPOKANE        ,USA,WA,47.6587802,-117.4260466
1676,FAIRBANKS      ,USA,AK,64.8377778,-147.7163889
1707,Paderborn-Lipsd,GE,,51.7189205,8.757509299999999
1782,UGANIK BAY     ,USA,AK,57.80500000000001,-153.5127778
1823,GUADALAJARA    ,MX,,20.6596988,-103.3496092
1845,ATMAUTLUAK     ,USA,AK,60.8669444,-162.2730556
1851,Sazava,EZ,,,
1872,LOS ANGELES    ,USA,CA,34.0522342,-118.2436849
1895,SEATTLE        ,USA,WA,47.6062095,-122.3320708
1912,TEMPLE BAR     ,USA,AZ,36.0228066,-114.3335291
1951,RALEIGH        ,USA,NC,35.7795897,-78.6381787
1952,Quito,EC,,-0.1806532,-78.4678382
1957,EAGLE LAKE     ,USA,TX,29.5896836,-96.3335769
1979,DALLAS         ,USA,TX,32.7766642,-96.79698789999999
1994,YAKUTAT        ,USA,AK,59.54694439999999,-139.7272222
2054,SALINAS        ,USA,CA,36.6777372,-121.6555013
2062,Portland,USA,OR,45.5230622,-122.6764816
2073,ORLA           ,USA,TX,31.8247936,-103.9085393
2121,"Horten, Norway",NO,,59.417084,10.4832128
2130,MT. ZION       ,USA,IL,39.7714252,-88.8742405
2162,MERRILL PASS   ,USA,AK,61.19888889999999,-153.3083332
2182,BOISE          ,USA,ID,43.6187102,-116.2146068
2202,San Juan,USA,PR,36.0110958,-106.0849392
2233,NEAR KALISPELL ,USA,MT,48.1919889,-114.3168131
2252,SKAGWAY        ,USA,AK,59.45833329999999,-135.3138889
2267,EAST HAMPTON   ,USA,NY,40.96343350000001,-72.1848009
2275,ALAGNAK RIVER  ,USA,AK,59.0047222,-156.8602778
2318,TULUKSAK       ,USA,AK,61.10250000000001,-160.9616667
2320,CRIPPLE        ,USA,AK,64.7877898,-148.0647813
2333,SKWENTNA       ,USA,AK,61.923613,-151.1683574
2338,RUTH GLACIER   ,USA,AK,62.765278,-150.628333
2350,PORT GRAHAM    ,USA,AK,59.3513889,-151.8297222
2358,KOLIGANEK      ,USA,AK,59.7286111,-157.2844444
2366,HAILEY         ,USA,ID,43.51962880000001,-114.3153245
2371,TAIPAI,TW,,25.0329694,121.5654177
2374,TULSA          ,USA,OK,36.1539816,-95.99277500000001
2386,La Romana,DR,,18.4338645,-68.9658817
2397,ELIZABETH CITY ,USA,NC,36.2946008,-76.2510461
2403,YAKUTAT        ,USA,AK,59.54694439999999,-139.7272222
2419,Medellin,CO,,6.253040800000001,-75.5645737
2422,CAMP VERDE     ,USA,AZ,34.5636358,-111.8543178
2424,Fort Dodge,USA,IA,42.4974694,-94.16801579999999
2433,KALAUPAPA      ,USA,HI,21.1893014,-156.9818053
2441,CARSON CITY    ,USA,NV,39.1637984,-119.7674034
2455,DETROIT        ,USA,MI,42.331427,-83.0457538
2483,NELSON ISLAND  ,USA,AK,60.5948626,-164.7346773
2489,KODIAK         ,USA,AK,57.79000000000001,-152.4072222
2509,KALTAG         ,USA,AK,64.3272222,-158.7219444
2510,RICE LAKE      ,USA,WI,45.5060682,-91.738225
2522,KALISPELL      ,USA,MT,48.1919889,-114.3168131
2550,Unknown,USA,,42.230537,-83.7466403
2553,DILLINGHAM     ,USA,AK,59.03972219999999,-158.4575
2591,NAGUA          ,DR,,19.3791006,-69.8537844
2612,BETHEL         ,USA,AK,60.7922222,-161.7558333
2638,PENDLETON      ,USA,OR,45.672075,-118.7885967
2642,JACKSONVILLE   ,USA,FL,30.3321838,-81.65565099999999
2653,LACEY TOWNSHIP ,USA,NJ,39.8726184,-74.2951444
2665,MOLONGO        ,AO,,-5.3880057,12.2061624
2682,POTTSTOWN      ,USA,PA,40.2453741,-75.6496302
2689,PUT IN BAY     ,USA,OH,41.6542158,-82.8207429
2692,MILWAUKEE      ,USA,WI,43.0389025,-87.9064736
2766,SALEM          ,USA,VA,37.2934681,-80.05476259999999
2777,Stockerau,AU,,48.3833405,16.2101987
2796,MEXICO CITY    ,MX,,19.4326077,-99.133208
2798,PHOENIX        ,USA,AZ,33.4483771,-112.0740373
2799,NEWBURGH       ,USA,NY,41.5034271,-74.0104178
2841,RIO LUJAN      ,AR,,-34.2800377,-58.8919431
2842,SIOUX CITY     ,USA,IA,42.4999942,-96.40030689999999
2870,MARIQUITA      ,CO,,5.199504999999999,-74.88683499999999
2871,SCHOFIELD      ,USA,WI,44.9096907,-89.6045659
2888,Reichelheim,GE,,,
2893,ATLANTA        ,USA,GA,33.7489954,-84.3879824
2895,10MI. NW WALSEN,USA,CO,41.791326,-86.732288
2923,TIGVARIAK ISL. ,USA,AK,70.2222556,-147.2176237
2937,VENICE         ,USA,LA,33.9850469,-118.4694832
2947,FISHERS ISLAND ,USA,NY,41.2554038,-72.033534
2960,Trefoil Island,AS,,-40.6314887,144.6892948
2965,BOSTON         ,USA,MA,42.3600825,-71.0588801
2966,PACIFIC OCEAN  ,,PO,22.2335141,114.1695457
2976,SAN MATEO      ,MX,,25.5277777,-100.0963888
2985,HICKMAN        ,USA,KY,36.5711721,-89.18617909999999
2990,Ontario,CA,,34.0633443,-117.6508876
2994,YAKUTAT        ,USA,AK,59.54694439999999,-139.7272222
3010,KEY WEST,USA,FL,24.5550593,-81.7799871
3047,HOUSTON        ,USA,TX,29.7604267,-95.3698028
3060,Montevideo,UY,,-34.9011127,-56.16453139999999
3085,Seattle,USA,WA,47.6062095,-122.3320708
3090,Irving,USA,TX,32.8140177,-96.9488945
3103,CORDOVA        ,USA,AK,60.5424087,-145.7525414
3110,Kumealon Inlet,CA,,36.778261,-119.4179324
3162,ANAKTUVUK PASS ,USA,AK,68.1433333,-151.7358333
3170,Uxbridge,CA,,44.10940280000001,-79.12049979999999
3202,Tourrettes-sur-Loup,FR,,43.715688,7.058927
3248,MILWAUKEE      ,USA,WI,43.0389025,-87.9064736
3294,Yogyakarta,ID,,-7.7955798,110.3694896
3333,AUGUSTA        ,USA,GA,33.4734978,-82.0105148
3379,SANTA ROSA     ,USA,CA,38.440429,-122.7140548
3400,SAN PAULO      ,BR,,-23.5505199,-46.63330939999999
3415,Boston,USA,MA,42.3600825,-71.0588801
3425,BETTLES        ,USA,AK,66.9188889,-151.5161111
3443,ANACORTES      ,USA,WA,48.51260449999999,-122.6126718
3460,Menorca,SP,,-23.9868771,-46.2027106
3468,AUBENAS,FR,,44.620909,4.389863
3474,CLE ELUM       ,USA,WA,47.1953976,-120.939249
3545,Madeira Islands,PO,,32.76070740000001,-16.9594723
3549,LITTLE ROCK    ,USA,AR,34.7464809,-92.28959479999999
3550,SPARKS         ,USA,NV,39.5349112,-119.7526886
3560,Sukabumi,ID,,-6.9277361,106.9299579
3577,Kelowna,CA,,49.8879519,-119.4960106
3589,MORRISVILLE    ,USA,NC,35.823483,-78.8255621
3623,ELKRIDGE       ,USA,MD,39.21260729999999,-76.71358140000001
3625,MCALESTER      ,USA,OK,34.9334298,-95.76971309999999
3636,Norfolk,UK,,52.6139686,0.8864021
3637,McClure Strait,CA,,74.7,-117
3648,GULF OF MEXICO ,,GM,,
3668,WILMINGTON     ,USA,NC,34.2257255,-77.9447102
3681,Frankfurt,GE,,38.1305349,-84.848732
3711,BINGHAMTON     ,USA,NY,42.09868669999999,-75.91797380000001
3717,COLO SPRINGS   ,USA,CO,38.8338816,-104.8213634
3793,ORLANDO        ,USA,FL,28.5383355,-81.3792365
3800,Rendsburg-Schac,GE,,54.3080869,9.660699300000001
3818,KAFOUTINE,SG,,,
3825,QUINHAGAK      ,USA,AK,59.7488889,-161.9158333
3841,COEUR D'ALENE  ,USA,ID,47.6776832,-116.7804664
3843,MAUNALOA       ,USA,HI,21.1358333,-157.2163889
3847,int'l waters,,,28.0253649,-82.530491
3851,COMOX LAKE     ,CA,,49.61876179999999,-125.1657626
3869,BRADLEY LAKE   ,USA,AK,59.7463963,-150.7979206
3875,MONROE         ,USA,LA,32.5093109,-92.1193012
3921,Lake Vossemeer,NL,,52.5716975,5.8264982
3950,CHARLESTON     ,USA,WV,38.3498195,-81.6326234
3961,TOK            ,USA,AK,63.3366667,-142.9855556
3969,WANAKA         ,NZ,,-44.7031813,169.1320981
4016,LINDEN         ,USA,NJ,40.6220478,-74.24459019999999
4036,KASIGLUK       ,USA,AK,60.89555559999999,-162.5180556
4043,NEACON         ,NU,,41.5048158,-73.9695832
4092,SANTA CRUZ     ,BL,,30.5514691,-87.1017011
4126,NOME           ,USA,AK,64.5011111,-165.4063889
4130,ABERDEEN       ,USA,SD,45.4646985,-98.4864829
4141,NO.MYRTLE BEACH,USA,SC,33.8160058,-78.680016
4189,TOMBALL        ,USA,TX,30.0971621,-95.6160549
4192,CASCADE        ,USA,ID,44.51628210000001,-116.0417983
4193,KENNSINGTON    ,USA,AK,64.7530435,-147.2481712
4232,PUEBLO         ,USA,CO,38.2544472,-104.6091409
4234,Queensland,AS,,10.3082904,123.9014912
4248,NUEVO LEON     ,MX,,25.592172,-99.99619469999999
4262,MAPLETON       ,USA,ME,46.6818041,-68.1616248
4283,LONDON         ,UK,,51.5073509,-0.1277583
4296,JACKSONVILLE   ,USA,FL,30.3321838,-81.65565099999999
4297,Jakarta,ID,,-6.2087634,106.845599
4344,ELLENDALE      ,USA,MN,43.87273829999999,-93.3013213
4366,KOTZEBUE       ,USA,AK,66.89833329999999,-162.5966666
4400,RANGALI,MV,,3.6152964,72.71821349999999
4416,DURANGO        ,USA,CO,37.27528,-107.8800667
4427,KENOSHA        ,USA,WI,42.5847425,-87.82118539999999
4461,ANCHORAGE      ,USA,AK,61.2180556,-149.9002778
4470,San Juan,AR,,-31.5351074,-68.5385941
4490,WARREN         ,USA,MI,42.5144566,-83.01465259999999
4491,MAYAGUEZ       ,,PR,18.2013463,-67.1451517
4497,Bogota,CO,,4.710988599999999,-74.072092
4500,SHENZHEN       ,CH,,30.98635,112.1898811
4505,Panama City,PM,,30.1856027,-85.7255169
4512,Itzehoe,GE,,53.9317752,9.5051475
4525,Sao Paulo,BR,,-23.5505199,-46.63330939999999
4526,VAN NUYS       ,USA,CA,34.1898566,-118.451357
4609,KASIGLUK       ,USA,AK,60.89555559999999,-162.5180556
4619,Stockholm,SW,,59.32932349999999,18.0685808
4626,HUNTINGTON     ,USA,WV,38.4192496,-82.44515400000002
4636,DALLAS         ,USA,TX,32.7766642,-96.79698789999999
4640,APOPKA         ,USA,FL,28.6934076,-81.5322149
4641,San Luis Potosi,MX,,22.1564699,-100.9855409
4651,YOUNGSTOWN     ,USA,OH,41.0997803,-80.6495194
4656,LITTLE ROCK    ,USA,AR,34.7464809,-92.28959479999999
4669,FALLS CREEK    ,USA,AK,55.6128703,-131.9935947
4686,ROMEY MARSH    ,UK,,51.001938,0.9188299999999999
4697,Belize City,BH,,17.5045661,-88.1962133
4703,NEAR NONDALTON ,USA,AK,59.9736111,-154.8458333
4716,TAU,AQ,,34.261207,-118.575822
4728,Trinidad,BL,,39.7059351,-74.9908093
4739,SPRINGDALE     ,USA,AR,36.18674420000001,-94.1288141
4740,GLENNALLEN     ,USA,AK,62.1097214,-145.557302
4756,HELENA         ,USA,MT,46.5883707,-112.0245054
4759,HOUSTON        ,USA,TX,29.7604267,-95.3698028
4787,KEY WEST       ,USA,FL,24.5550593,-81.7799871
4794,HONG KONG,CH,,43.4804724,-76.0995007
4799,GUATEMALA CITY ,PM,,14.6349149,-90.5068824
4810,BAINBRIDGE     ,USA,NY,42.2934131,-75.47934769999999
4816,NORFOLK        ,USA,VA,36.8507689,-76.28587259999999
4836,PANAMA CITY    ,PM,,30.1856027,-85.7255169
4844,OPA LOCKA      ,USA,FL,25.9023168,-80.25032709999999
4851,BETHEL         ,USA,AK,60.7922222,-161.7558333
4862,GILLETTE       ,USA,WY,44.2910915,-105.5022205
4872,LA PAZ         ,BL,,26.336672,-80.162521
4907,PITTSBURGH     ,USA,PA,40.44062479999999,-79.9958864
4908,WHEELING       ,USA,WV,40.0639616,-80.7209149
4913,GUADALAJARA    ,MX,,20.6596988,-103.3496092
4921,TALKEETNA      ,USA,AK,62.32090460000001,-150.1066221
4932,SO. MARSH 275  ,,GM,43.8158652,-88.1661599
4938,Bridgetown,BB,,13.1132219,-59.59880889999999
4939,SHAWNEE        ,USA,OK,35.3272928,-96.9253004
4959,SOUTH PELTO    ,,GM,,
4976,TALKEETNA      ,USA,AK,62.32090460000001,-150.1066221
4983,Ciudad Juarez,MX,,31.6903638,-106.4245478
4998,AVENAL         ,USA,CA,36.0041223,-120.1290272
5059,Sulaimaniya,IZ,,,
5064,LAKE ARTHUR    ,USA,LA,30.080764,-92.6715308
5068,PITTSBURGH     ,USA,PA,40.44062479999999,-79.9958864
5073,LONG BEACH     ,USA,CA,33.7700504,-118.1937395
5092,Lyon,FR,,45.764043,4.835659
5093,BRUNEAU        ,USA,ID,42.8819727,-115.7989463
5111,ROCAFUERTE,EC,,-0.9237111000000001,-80.4521216
5147,MELVILLE HALL  ,DO,,40.7934322,-73.41512139999999
5148,DALLAS         ,USA,TX,32.7766642,-96.79698789999999
5166,JAMAICA BEACH  ,USA,TX,29.189684,-94.9796456
5187,BOISE          ,USA,ID,43.6187102,-116.2146068
5212,REYKJAVIK      ,IC,,64.1404869,-21.9493575
5216,CREGNEASH      ,UK,,54.069263,-4.767557
5231,WHYALLA        ,AS,,-33.0343994,137.5849148
5239,Bishankhunarayan,NP,,27.6160046,85.37488859999999
5285,NORTH SEA      ,NL,,54.1454104,7.684694899999999
5292,ORLANDO        ,USA,FL,28.5383355,-81.3792365
5296,HONOLULU       ,USA,HI,21.3069444,-157.8583333
5314,LAKE ERIE      ,CA,,42.0668852,-81.3399414
5341,ALMA           ,USA,OR,43.89111,-123.47361
5375,CARIBOU LAKE   ,USA,AK,59.90414260000001,-151.0575536
5397,ILIAMNA        ,USA,AK,59.7547222,-154.9061111
5412,NORWOOD        ,USA,MA,42.19439089999999,-71.19896949999999
5416,VENICE         ,USA,LA,33.9850469,-118.4694832
5419,Rosario   ,AR,,-32.9442426,-60.65053880000001
5432,DUXSBURY       ,USA,VT,44.3270012,-72.7526175
5457,Chicago,USA,IL,41.8781136,-87.6297982
5487,PHOENIX        ,USA,AZ,33.4483771,-112.0740373
5493,ANCHORAGE      ,USA,AK,61.2180556,-149.9002778
5503,BOULDER CITY   ,USA,NV,35.9782216,-114.8345117
5516,NAIROBI,KE,,-1.2920659,36.8219462
5526,Milazzo,IT,,38.2207102,15.2419327
5575,Irkutsk,RS,,52.28697409999999,104.3050183
5644,Bitung,ID,,1.4403744,125.1216524
5659,OMEATH IRELAND ,EI,,54.0882604,-6.2593365
5672,DETROIT        ,USA,MI,42.331427,-83.0457538
5674,SANTA ROSA     ,RP,,-34.783022,-58.2611105
5688,SPRINGFIELD    ,USA,MO,37.2089572,-93.29229889999999
5700,NEWARK         ,USA,NJ,40.735657,-74.1723667
5723,HOMER          ,USA,AK,59.64250000000001,-151.5483333
5740,TUBA CITY      ,USA,AZ,36.1349928,-111.2398625
5748,SAINT MARYS    ,USA,AK,62.0530556,-163.1658333
5765,Nuqui,CO,,5.709563,-77.2666969
5773,Vienna,AU,,48.23147609999999,16.3569798
5774,MEMPHIS        ,USA,TN,35.1495343,-90.0489801
5775,STRASBURG      ,FR,,48.5734053,7.752111299999999
5787,LAS VEGAS      ,USA,NV,36.1699412,-115.1398296
5796,PLYMOUTH       ,USA,MI,42.3714253,-83.4702132
5852,VERO BEACH     ,USA,FL,27.6386434,-80.39727359999999
5895,W CAMERON 540  ,,GM,32.0000633,-102.0905249
5932,,UY,,-32.522779,-55.765835
5934,VOLCANOES NTL P,USA,HI,,
5955,NEW ORLEANS    ,USA,LA,29.95106579999999,-90.0715323
5991,DES MOINES     ,USA,IA,41.6005448,-93.6091064
5993,BUENA VISTA    ,USA,CO,38.8422178,-106.1311288
6005,Gulf of Mexico,USA,,30.0367543,-84.336621
6007,Detroit,USA,MI,42.331427,-83.0457538
6012,TULSA          ,USA,OK,36.1539816,-95.99277500000001
6120,SACRAMENTO     ,USA,CA,38.5815719,-121.4943996
6136,Pereira,CO,,4.8087174,-75.690601
6153,DENVER         ,USA,CO,39.7392358,-104.990251
6208,ANCHORAGE      ,USA,AK,61.2180556,-149.9002778
6239,Ontario,USA,OR,44.0265525,-116.9629378
6252,BECKLEY        ,USA,WV,37.7781702,-81.1881557
6253,TAMPA          ,USA,FL,27.950575,-82.4571776
6258,BOULDER CITY   ,USA,NV,35.9782216,-114.8345117
6272,DEADHORSE      ,USA,AK,70.20019959999999,-148.4597191
6330,CLEVELAND      ,USA,OH,41.49932,-81.6943605
6339,PANAMA CITY    ,USA,FL,30.1588129,-85.6602058
6345,INDIANAPOLIS   ,USA,IN,39.768403,-86.158068
6359,KASIGLUK       ,USA,AK,60.89555559999999,-162.5180556
6364,CORDOBA        ,AR,,-31.42008329999999,-64.1887761
6367,GOLETA         ,USA,CA,34.4358294,-119.8276389
6378,MANAMA         ,BA,,26.2285161,50.5860497
6416,GEORGETOWN     ,USA,TX,30.6332618,-97.6779842
6443,JEREMIE        ,HA,,,
6513,HAINES         ,USA,AK,59.2358333,-135.445
6554,ANCHORAGE      ,USA,AK,61.2180556,-149.9002778
6567,VENICE         ,USA,LA,33.9850469,-118.4694832
6568,NOME           ,USA,AK,64.5011111,-165.4063889
6592,Manaus,BR,,-3.1190275,-60.0217314
6602,BROWNSVILLE    ,USA,TN,35.5939671,-89.26229099999999
6606,REIMS,FR,,49.258329,4.031696
6612,London,UK,,51.5073509,-0.1277583
6634,Kidlington,UK,,51.823398,-1.290459
6648,GLENNALLEN     ,USA,AK,62.1097214,-145.557302
6662,SITKA          ,USA,AK,57.0530556,-135.33
6663,BURNETT INLET  ,USA,AK,56.16321629999999,-132.470375
6672,PARADISE       ,USA,CA,39.7596061,-121.6219177
6685,Guatemala,GT,,14.6349149,-90.5068824
6727,"TAU, MANU'A    ",USA,HI,-14.2298152,-169.5146745
6728,Greeley,USA,CO,40.4233142,-104.7091322
6738,BELL MOUNTAIN  ,USA,AK,,
6743,ZURICH,SZ,,47.2226601,8.751896
6764,GARDEN BANKS   ,,GM,13.2319351,-16.0035074
6785,UTICA          ,USA,NY,43.100903,-75.232664
6787,ELEELE KAUAI   ,USA,HI,21.9102778,-159.5872222
6793,ANDERSON       ,USA,IN,40.1053196,-85.6802541
6799,HANCOCK        ,USA,MI,47.1268714,-88.5809563
6807,ST. JOHNS      ,AC,,15.1614662,120.5708678
6811,"Slave Lake, Alberta",CA,,55.2866833,-114.7711184
6817,CARACAS        ,VE,,10.4805937,-66.90360629999999
6827,QUINHAGAK      ,USA,AK,59.7488889,-161.9158333
6830,HUALIEN,TW,,23.9871589,121.6015714
6842,BAUDETTE       ,USA,MN,48.7124736,-94.59992989999999
6854,Undrom,SW,,63.11929139999999,17.7398542
6877,Alcora,SP,,,
6915,EAST SAINT LOUI,USA,IL,38.624514,-90.1506465
6922,EUGENE ISLAND  ,,GM,,
6961,ROCKY MOUNT    ,USA,NC,35.9382103,-77.7905339
6974,HOMER          ,USA,AK,59.64250000000001,-151.5483333
6994,COVINGTON      ,USA,KY,39.0836712,-84.5085536
7008,AGO-6,AY,,,
7009,FORT WAYNE,USA,IN,41.079273,-85.1393513
7015,ANTALYA        ,FR,,49.4686497,11.0791312
7028,WESTERLY       ,USA,RI,41.3775987,-71.82728709999999
7031,POCATELLO      ,USA,ID,42.8713032,-112.4455344
7035,NORFOLK        ,USA,VA,36.8507689,-76.28587259999999
7041,MEMPHIS        ,USA,TN,35.1495343,-90.0489801
7076,PINCKNEYVILLE  ,USA,IL,38.0803286,-89.38203209999999
7084,KASIGLUK       ,USA,AK,60.89555559999999,-162.5180556
7092,Kilmovee,EI,UN,53.88834610000001,-8.688208699999999
7100,DEL CITY       ,USA,TX,29.414799,-98.4956409
7101,TALKEETNA      ,USA,AK,62.32090460000001,-150.1066221
7126,San Rafael,SP,,-23.2775766,-46.7230505
7134,HIGH ISLAND BLK,,GM,,
7141,WALKER'S CAY   ,BF,,,
7149,BOISE          ,USA,ID,43.6187102,-116.2146068
7151,CHIHUAHUA      ,MX,,28.6329957,-106.0691004
7162,COLD BAY       ,USA,AK,55.204498,-162.7183867
7163,LONGWOOD       ,USA,FL,28.7030519,-81.3384011
7183,NINILCHIK      ,USA,AK,60.05138890000001,-151.6688889
7217,FLUSHING       ,USA,NY,40.7674987,-73.833079
7225,Malaga,CO,,36.721261,-4.4212655
7233,MIAMI          ,USA,FL,25.7616798,-80.1917902
7248,QUINCY         ,USA,IL,39.9356016,-91.4098726
7269,SPOKANE        ,USA,WA,47.6587802,-117.4260466
7286,fredericton,CA,,45.9635895,-66.6431151
7294,SEDONA         ,USA,AZ,34.8697395,-111.7609896
7295,HILLIARD       ,USA,FL,30.691068,-81.91733339999999
7335,"Alcorsia, Teruel, Spain",SP,,,
7340,Harare,ZI,,-17.8906362,30.9920867
7357,BETTLES        ,USA,AK,66.9188889,-151.5161111
7378,GIBSON         ,USA,LA,29.68687559999999,-90.990653
7403,ILIAMNA        ,USA,AK,59.7547222,-154.9061111
7421,Ciudad Carmen,MX,,18.6504879,-91.80745859999999
7450,ATMAUTLUAK     ,USA,AK,60.8669444,-162.2730556
7455,FREEPORT,BF,,,
7456,Indore ,IN,,22.7195687,75.8577258
7472,COLUMBUS       ,USA,OH,39.9611755,-82.99879419999999
7497,BETHEL         ,USA,AK,60.7922222,-161.7558333
7522,Gulf of Mexico,USA,,30.0367543,-84.336621
7534,HAYDEN         ,USA,CO,40.4894302,-107.2636842
7559,MISSING ACFT,,AO,,
7568,Phoenix,USA,AZ,33.4483771,-112.0740373
7592,Luxembourg,LU,,49.61162100000001,6.1319346
7599,San Juan,USA,PR,36.0110958,-106.0849392
7600,NAKNEK         ,USA,AK,58.72833329999999,-157.0138889
7680,Inverness,UK,,57.477773,-4.224721
7713,LITTLEFORK     ,USA,MN,48.3988322,-93.5557156
7727,CAMERON        ,USA,LA,29.79772119999999,-93.3251535
7733,SARASOTA       ,USA,FL,27.3364347,-82.53065269999999
7738,AUSTIN         ,USA,TX,30.267153,-97.7430608
7743,BROOMFIELD     ,USA,CO,39.9205411,-105.0866504
7745,MIAMI          ,USA,FL,25.7616798,-80.1917902
7800,NORTH PLATTE   ,USA,NE,41.1402759,-100.7601454
7820,Machala,EC,,-3.2581112,-79.9553924
7822,KAHILTNA GLACIE,USA,AK,62.765833,-151.303333
7833,VENICE         ,USA,LA,33.9850469,-118.4694832
7839,MIAMI          ,USA,FL,25.7616798,-80.1917902
7840,HAINES         ,USA,AK,59.2358333,-135.445
7920,SLEETMUTE      ,USA,AK,61.7025,-157.1697222
7924,Milan,IT,,45.4654219,9.1859243
7935,PORTLAND       ,USA,ME,43.66147100000001,-70.2553259
7965,VERNAL         ,USA,UT,40.4555157,-109.5287479
7977,CHICAGO        ,USA,IL,41.8781136,-87.6297982
8009,FORT HUACHUCA  ,USA,AZ,31.5552157,-110.3499216
8051,CHACABUCO      ,AR,,-34.6420841,-60.4715188
8061,BETHEL         ,USA,AK,60.7922222,-161.7558333
8064,NEWARK         ,USA,NJ,40.735657,-74.1723667
8065,LANGDON        ,USA,ND,48.7600007,-98.3681728
8071,CHAMBLEE       ,USA,GA,33.8920468,-84.29881259999999
8121,FUNTER PASS    ,USA,AK,61.5756429,-149.854247
8127,Moscow,RS,,55.755826,37.6173
8134,WAIPIO VALLEY  ,USA,HI,20.1114625,-155.5950498
8152,DOSSENHEIM     ,GE,,49.4483389,8.673254
8156,EKUK           ,USA,AK,58.8122145,-158.5606263
8159,ATLANTIC OCEAN ,,AO,-16.9760003,11.6840589
8198,WEDRON         ,USA,IL,41.4361548,-88.7734493
8246,SANTA YSABEL   ,USA,CA,33.1091684,-116.673794
8280,DENVER         ,USA,CO,39.7392358,-104.990251
8305,MEMPHIS        ,USA,TN,35.1495343,-90.0489801
8312,STEBBINS       ,USA,AK,63.4636144,-162.2656399
8316,Zurich,SZ,,47.2226601,8.751896
8363,MISSOULA       ,USA,MT,46.87871759999999,-113.996586
8367,BLOCK 651A     ,,GM,40.7635371,-73.97224779999999
8371,Tokyo,JA,,35.7873195,139.6583222
8377,FRESNO         ,USA,CA,36.7468422,-119.7725868
8378,Polvaredas,AR,,-35.5930731,-59.507091
8381,Jakarta,ID,,-6.2087634,106.845599
8383,BLOUNTVILLE    ,USA,TN,36.5331586,-82.32680599999999
8437,GLEN CANYON    ,USA,UT,36.86443209999999,-111.5879381
8439,PORT O'CONNOR  ,USA,TX,28.4475898,-96.4053596
8440,ATLANTA,USA,GA,33.7489954,-84.3879824
8464,WEST DELTA 105 ,,GM,,
8491,Douala,CM,,4.0510564,9.7678687
8516,LAHAINA        ,USA,HI,20.8783333,-156.6825
8517,SOUTH MARSH 113,,GM,42.7047916,-112.0153352
8559,FRIDAY HARBOR  ,USA,WA,48.5342662,-123.0171242
8566,TETERBORO      ,USA,NJ,40.8598219,-74.0593075
8629,NAPPANEE       ,USA,IN,41.4428253,-86.00138749999999
8637,FORT YUKON     ,USA,AK,66.56734999999999,-145.2513402
8658,FLAGSTAFF      ,USA,AZ,35.1982836,-111.651302
8672,VIENNA         ,USA,MO,38.1867085,-91.94711199999999
8685,TUBA CITY      ,USA,AZ,36.1349928,-111.2398625
8695,PHOENIX        ,USA,AZ,33.4483771,-112.0740373
8696,GOLD BEACH     ,USA,OR,42.4073334,-124.421774
8769,SILVERDALE     ,USA,WA,47.6445386,-122.6948697
8777,SKAGWAY        ,USA,AK,59.45833329999999,-135.3138889
8786,MONOGHAN       ,USA,PA,40.1277252,-76.9527836
8796,"Taipei, Taiwan R.O.C.",TW,,25.0329694,121.5654177
8822,SLEETMUTE      ,USA,AK,61.7025,-157.1697222
8898,Johannesburg,,,-26.2041028,28.0473051
8912,ALBUQUERQUE    ,USA,NM,35.0853336,-106.6055534
8946,SAGINAW        ,USA,TX,32.8601275,-97.3639068
8967,ANIMAS         ,USA,NM,31.9496748,-108.8067046
8978,Malaga,SP,,-23.4816157,-46.7780451
8990,EAGLE PASS     ,USA,TX,28.7091433,-100.4995214
9083,Apoquindo,CI,,,
9123,GASPORT        ,USA,NY,43.1992244,-78.5761394
9159,BILLINGS       ,USA,MT,45.7832856,-108.5006904
9160,KIANA          ,USA,AK,66.97058609999999,-160.4397436
9204,PORTLAND       ,USA,OR,45.5230622,-122.6764816
9207,BRYCE CANYON   ,USA,UT,37.6283161,-112.1676947
9217,AUSTRIA        ,AU,,47.3191926,9.9858329
9247,SAN FRANCISCO  ,USA,CA,37.7749295,-122.4194155
9258,CODY           ,USA,WY,44.52634219999999,-109.0565308
9290,E CAMERON BLK 2,,GM,,
9314,PARIS-GONESSE,FR,,48.9864492,2.4495573
9317,Palencia,GT,,14.6672532,-90.3583606
9339,LEXINGTON      ,USA,KY,38.0405837,-84.5037164
9360,TALKEETNA      ,USA,AK,62.32090460000001,-150.1066221
9374,NASSAU         ,BF,,30.6794477,-81.9651863
9385,GABORONE,BC,,-24.652554,25.8877339
9421,SILICA         ,USA,KS,38.347198,-98.4607319
9425,NEW ROADS      ,USA,LA,30.7015741,-91.4362242
9428,KING SALMON    ,USA,AK,58.68832510000001,-156.661351
9434,TAOS           ,USA,NM,36.4072485,-105.5730665
9464,DES MOINES     ,USA,IA,41.6005448,-93.6091064
9503,Sulmona,IT,,42.0481782,13.9289304
9536,Steinfeld,GE,,,
9545,Huesca,SP,,42.131845,-0.4078058
9603,Amman,JO,,31.9565783,35.9456951
9609,UNIVERSITY PARK,USA,PA,40.8147955,-77.86531260000001
9631,CHADRON        ,USA,NE,42.8294187,-102.9999069
9657,SYRACUSE       ,USA,NY,43.0481221,-76.14742439999999
9666,Bryce,USA,UT,37.6728463,-112.1572562
9674,MT MCKINLEY VIL,USA,AK,,
9680,GRAND ISLAND   ,USA,NE,40.9263957,-98.3420118
9689,Murcia,SP,,-23.5768342,-46.57255780000001
9701,Dijon Longvic,FR,,47.29320449999999,5.0568499
9730,MEMPHIS        ,USA,TN,35.1495343,-90.0489801
9735,Memphis,USA,TN,35.1495343,-90.0489801
9743,WILLISTON      ,USA,ND,48.1469683,-103.6179745
9755,LOIZA          ,,PR,18.4329904,-65.87836
9761,SAN DIEGO      ,USA,CA,32.715738,-117.1610838
9810,CASPER         ,USA,WY,42.866632,-106.313081
9846,DENVER         ,USA,CO,39.7392358,-104.990251
9857,GARNETT        ,USA,KS,38.2805772,-95.24191920000001
9871,GAMBELL        ,USA,AK,63.77972219999999,-171.7411111
9884,NAGOYA         ,JA,,35.1162757,136.8522702
9904,GUATEMALA CITY ,GT,,14.6349149,-90.5068824
9909,Santa Juana,CI,,,
9921,Quito,EC,,-0.1806532,-78.4678382
9958,Envira,BR,,-7.4382645,-70.0286988
9960,SAN JUAN       ,,PR,18.4655394,-66.1057355
9976,Azevedo,BR,,-23.5416277,-46.5709362
9995,Milan,IT,,45.4654219,9.1859243
10030,HAGERSTOWN     ,USA,IN,39.9111576,-85.1616315
10058,Mexico City,MX,,19.4326077,-99.133208
10086,SYDNY,AS,,-33.9720475,151.1443249
10097,"Lencois, Bahia",BR,,-12.5617279,-41.3898761
10128,NORTH LAS VEGAS,USA,NV,36.1988592,-115.1175013
10144,GALVESTON      ,USA,TX,29.3013479,-94.7976958
10154,MCGRATH        ,USA,AK,62.9532043,-155.5959922
10159,Buenos Aires,AR,,-34.6036844,-58.3815591
10161,BEAVER         ,USA,WV,37.7476157,-81.1423203
10183,KODIAK         ,USA,AK,57.79000000000001,-152.4072222
10190,ANCORAGE       ,USA,AK,61.2180556,-149.9002778
10226,KANSAS CITY    ,USA,MO,39.0997265,-94.5785667
10235,RUBY           ,USA,AK,64.7394444,-155.4869444
10247,KIEL-HOLTENAU  ,GE,,54.3232927,10.1227652
10275,COATESVILLE    ,USA,PA,39.9831616,-75.8238355
10278,GLENNALLEN     ,USA,AK,62.1097214,-145.557302
10279,SEATTLE        ,USA,WA,47.6062095,-122.3320708
10289,Solola,GT,,14.7666085,-91.17850159999999
10293,CASCADE        ,USA,ID,44.51628210000001,-116.0417983
10294,SALMON         ,USA,ID,45.1757547,-113.8959008
10336,BISMARCK       ,USA,ND,46.8083268,-100.7837392
10343,PLATTSBURGH    ,USA,NY,44.6994873,-73.4529124
10346,San Juan,USA,PR,36.0110958,-106.0849392
10368,ATLANTA        ,USA,GA,33.7489954,-84.3879824
10376,AKRON          ,USA,NY,43.0208924,-78.4953015
10380,SAN JUAN       ,,PR,18.4655394,-66.1057355
10385,MANTA          ,EC,,-0.9676533,-80.7089101
10406,Madrid,SP,,-22.7349114,-47.1697091
10412,Tecpan,GT,,14.7558344,-90.9868468
10421,SAUK VILLAGE   ,USA,IL,41.4883685,-87.5675414
10428,DENVER         ,USA,CO,39.7392358,-104.990251
10454,HOOVER DAM,USA,AZ,36.0159621,-114.737482
10455,Machiques,VE,,10.0605329,-72.5500596
10480,Kabul,AF,,34.5553494,69.207486
10482,Memphis,USA,TN,35.1495343,-90.0489801
10524,Moixent,SP,,,
10530,Paris,FR,,48.856614,2.3522219
10544,San Luis Potosi,MX,,22.1564699,-100.9855409
10581,Baie-Comeau,CA,QC,49.2212971,-68.1503944
10585,APPLETON       ,USA,WI,44.2619309,-88.41538469999999
10587,AMBER BAY      ,USA,AK,56.8221192,-157.3870266
10620,BURNS          ,USA,OR,43.5862606,-119.0541032
10621,St. Louis,USA,MO,38.6270025,-90.19940419999999
10644,BISHOP         ,USA,CA,37.3614238,-118.3996636
10665,TAOS           ,USA,NM,36.4072485,-105.5730665
10721,SANTA ROSA ISL ,USA,CA,33.9773487,-120.0896313
10725,Prince George,CA,,53.9170641,-122.7496693
10741,AUSTIN         ,USA,NV,39.49257009999999,-117.0672356
10783,URUAPAN        ,MX,,19.4064492,-102.0430476
10793,MIAZAL         ,EC,,,
10797,DFW AIRPORT    ,USA,TX,32.8998091,-97.0403352
10803,Panama City,PM,,30.1856027,-85.7255169
10846,Newquay,UK,,50.41549699999999,-5.073719
10926,ATLANTA,USA,GA,33.7489954,-84.3879824
10930,TWO MOON BAY   ,USA,AK,60.7601713,-146.5565939
10947,Subic Bay,RP,,,
10963,ROCK SPRINGS   ,USA,WY,41.58746439999999,-109.2029043
10985,PUNTILLA LAKE  ,USA,AK,62.08738869999999,-152.7311158
11016,MANCHESTER     ,USA,NH,42.9956397,-71.4547891
11019,DILLON         ,USA,MT,45.21663239999999,-112.6389244
11023,BERING RIVER   ,USA,AK,60.26636,-144.1452935
11033,Meranges,SP,,,
11068,DENVER         ,USA,CO,39.7392358,-104.990251
11131,Rio Sidra,PM,,,
11153,Guipuzcoa,SP,,,
11161,CROOKED CREEK  ,USA,AK,61.86999999999999,-158.1108333
11177,"Cafasse, Torino",IT,,45.2451345,7.5180642
11221,Medan,ID,,3.5951956,98.6722227
11235,VOLCANO        ,USA,HI,19.4424663,-155.2328714
11262,BOSTON         ,USA,MA,42.3600825,-71.0588801
11269,Eberebruum,GE,,,
11277,BANJUL         ,GA,,32.1656221,-82.9000751
11278,Shreveport,USA,LA,32.5251516,-93.7501789
11315,42NM ESE OF YAK,USA,AK,,
11316,Libreville,GB,,0.4161976,9.4672676
11318,SAN JUAN       ,,PR,18.4655394,-66.1057355
11348,Lausanne,SZ,,46.5196535,6.6322734
11353,"Langara Lodge, BC, Canada",CA,,54.2343086,-133.0205328
11365,SCAMMON BAY    ,USA,AK,61.84277780000001,-165.5816667
11370,MASON CITY     ,USA,IA,43.1535728,-93.20103669999999
11381,CAMERON        ,USA,LA,29.79772119999999,-93.3251535
11409,BRAINERD       ,USA,MN,46.3526733,-94.2020084
11433,KONGIGANAK     ,USA,AK,59.95985940000001,-162.8902926
11450,MCCOOK         ,USA,NE,40.1966701,-100.6248741
11458,TANZANIA       ,SU,,,
11479,Celaya,MX,,20.5279612,-100.8112885
11489,HOMER          ,USA,AK,59.64250000000001,-151.5483333
11505,GT. HARBOUR CAY,BF,,,
11519,,SZ,,-26.522503,31.465866
11526,CROOKED CREEK  ,USA,AK,61.86999999999999,-158.1108333
11534,Coupar Angus,UK,,56.547918,-3.265548
11537,ATLANTIC OCEAN ,,AO,-16.9760003,11.6840589
11542,SAN JUAN       ,,PR,18.4655394,-66.1057355
11551,MOUNTAIN SPRING,USA,NV,38.3438339,-115.3761352
11583,Las Bocas,MX,,26.5813888,-109.3280555
11598,Nashville,USA,TN,36.1626638,-86.7816016
11617,WINDSOR LOCKS  ,USA,CT,41.9242917,-72.6454469
11693,SCAMMON BAY    ,USA,AK,61.84277780000001,-165.5816667
11752,MOOSE CREEK    ,USA,ID,48.08341739999999,-116.8073123
11753,New Delhi,IN,,28.6139391,77.2090212
11764,LEBEC          ,USA,CA,34.8416435,-118.8648189
11765,LOS ANGELES    ,USA,CA,34.0522342,-118.2436849
11775,PERU           ,USA,IL,41.3275349,-89.1289728
11779,TAMPA          ,USA,FL,27.950575,-82.4571776
11869,CHAMPAGNE      ,USA,IL,40.1164204,-88.2433829
11878,Grammatikos,GR,,38.2031194,23.9632194
11901,ST THOMAS      ,,VI,18.335361,-64.95340089999999
11973,ANCHORAGE      ,USA,AK,61.2180556,-149.9002778
11982,Houston,USA,TX,29.7604267,-95.3698028
11987,NORTH CANTON   ,USA,OH,40.875891,-81.4023356
11988,COVINGTON      ,USA,KY,39.0836712,-84.5085536
11990,Himeville,SF,,37.7749295,-122.4194155
11991,High Island 138,USA,GM,,
11993,"Madang, Papua New Guinea",PP,,-5.2218841,145.7856324
12001,Dillingham,USA,AK,59.03972219999999,-158.4575
12009,NASHVILLE      ,USA,TN,36.1626638,-86.7816016
12011,VAN,TU,,23.472962,111.320542
12023,HEALY          ,USA,AK,63.8697384,-149.0215109
12027,Georgetown,GY,,6.8012793,-58.1551255
12041,Guayaquil,EC,,-2.1709979,-79.9223592
12048,COVINGTON      ,USA,KY,39.0836712,-84.5085536
12121,ENGLEWOOD      ,USA,CO,39.6477653,-104.9877597
12180,MARION         ,USA,IL,37.7306054,-88.9331256
12187,BARROW         ,USA,AK,71.29055559999999,-156.7886111
12198,MOULTONBORO    ,USA,NH,43.7683422,-71.3867082
12245,TYLER          ,USA,TX,32.3512601,-95.30106239999999
12268,MISSION        ,USA,KS,39.0277832,-94.6557914
12274,,PK,,30.375321,69.34511599999999
12289,BIRMINGHAM     ,USA,AL,33.5206608,-86.80248999999999
12337,SAINT MARY'S   ,USA,AK,62.0530556,-163.1658333
12354,Commune de Brethencourt,FR,,50.13797599999999,3.431503
12355,EUGENE IS. 193 ,,GM,44.0520691,-123.0867536
12357,CHESTERFIELD   ,USA,NH,42.9030941,-72.44948480000001
12382,PRINCETON      ,USA,MO,40.4008426,-93.5804988
12395,SODA SPRINGS   ,USA,ID,42.6543652,-111.6046687
12406,JAMAICA        ,USA,NY,40.702677,-73.7889689
12421,ELK CITY       ,USA,ID,45.8268527,-115.4367941
12437,Las Vegas,USA,NV,36.1699412,-115.1398296
12450,MOUNT BALDY    ,USA,ID,43.4390827,-111.5743999
12452,LACONIA        ,USA,NH,43.5278546,-71.4703509
12467,COOPER LANDING ,USA,AK,60.48999999999999,-149.8341667
12499,PORTLAND       ,USA,OR,45.5230622,-122.6764816
12572,CHEVAK         ,USA,AK,61.5277778,-165.5863889
12577,SAIPAN         ,,PO,15.177801,145.750967
12589,Jacksonville,USA,FL,30.3321838,-81.65565099999999
12593,ORLANDO        ,USA,FL,28.5383355,-81.3792365
12595,LAKE BUTLER    ,USA,FL,30.0227391,-82.33955739999999
12635,CORTEZ         ,USA,CO,37.3488827,-108.5859265
12664,ANDYTOWN       ,USA,FL,26.14502,-80.45427699999999
12692,Speichersdorf,GE,,49.8711746,11.7756389
12696,LITTLE DELTA RV,USA,AK,,
12728,Kulusuk,GL,,65.56809009999999,-37.1873002
12812,ASPEN          ,USA,CO,39.1910983,-106.8175387
12827,HONOLULU       ,USA,HI,21.3069444,-157.8583333
12855,ISTANBUL       ,TU,,39.953029,32.6977169
12891,CHENEGA BAY    ,USA,AK,60.1003059,-147.9448419
12898,ARUSHA,TZ,,-3.3869254,36.6829927
12899,RUSSIAN MISSION,USA,AK,61.785,-161.3202778
12904,"Powys, Wales, United Kingdom",UK,,52.6464249,-3.3260904
12906,LA VERTIENTE   ,BL,,-12.1030155,-76.9494881
12920,ATLANTA        ,USA,GA,33.7489954,-84.3879824
12922,Quepos,CS,,,
12935,Managua,NU,,12.1149926,-86.2361744
12936,Alderney,UK,,50.751255,-1.9363321
12940,Bishopton,UK,,55.90862199999999,-4.504519999999999
12941,PALACIOS       ,USA,TX,28.7080461,-96.217467
12953,CAPE TOWN  ,SF,,-34.049292,18.612855
12980,WEST PALM BEACH,USA,FL,26.7153424,-80.0533746
12985,GALVESTON      ,USA,TX,29.3013479,-94.7976958
13003,MISSOULA       ,USA,MT,46.87871759999999,-113.996586
13008,OOSTEND        ,BE,,51.21543,2.928656
13044,POLACCA        ,USA,AZ,35.8366716,-110.3815198
13071,Lawa Antino,NS,,,
13073,FORT LAUDERDALE,USA,FL,26.1224386,-80.13731740000001
13100,LUBBOCK        ,USA,TX,33.5778631,-101.8551665
13101,MARSHFIELD     ,USA,WI,44.6688524,-90.1717987
13156,HAYS           ,USA,KS,38.8791783,-99.3267702
13211,AKIACHAK       ,USA,AK,60.9094444,-161.4313889
13212,TOLUCA         ,MX,,19.2826098,-99.6556653
13227,Toluca,MX,,19.2826098,-99.6556653
13260,Istra,RS,,,
13262,"Baindoang, PNG",PP,,,
13268,YOUNGSTOWN     ,USA,OH,41.0997803,-80.6495194
13282,ROCKFORD       ,USA,IL,42.2711311,-89.0939952
13295,PORT-AU-PRINCE ,HA,,18.5563585,-72.25996719999999
13306,Geneva,SZ,,46.2040897,6.147462099999999
13310,ONTARIO        ,USA,CA,34.0633443,-117.6508876
13333,INDIANAPOLIS   ,USA,IN,39.768403,-86.158068
13403,KEARNS         ,USA,UT,40.6599468,-111.9963275
13429,COLUMBIA       ,USA,MO,38.9517053,-92.3340724
13446,Montreux,SZ,,46.4312213,6.9106799
13449,NEWNAN         ,USA,GA,33.3806716,-84.79965729999999
13469,ST. BARTHELEMY ,WN,,42.9903686,1.5421309
13500,ARDMORE        ,USA,OK,34.1742611,-97.14362539999999
13516,PLEDGER        ,USA,TX,29.18307,-95.9086426
13526,JINAN          ,CH,,35.5944056,110.9810532
13551,LORIENT,FR,,47.7482524,-3.3702449
13554,6NM SSE WRANGEL,USA,AK,,
13577,Half Moon Bay,CA,,37.4635519,-122.4285862
13590,CASTLE ROCK    ,USA,WA,46.275111,-122.9076141
13599,Baborigame,MX,,26.4298561,-107.2681623
13606,Terengganu,MY,,5.3116916,103.1324154
13620,Aceh,ID,,4.695135,96.7493993
13646,ANAHEIM        ,USA,CA,33.8352932,-117.9145036
13668,SEATTLE        ,USA,WA,47.6062095,-122.3320708
13678,ST LOUIS       ,USA,MO,38.6270025,-90.19940419999999
13688,NASSAU         ,BF,,30.6794477,-81.9651863
13696,TANANA         ,USA,AK,65.1719444,-152.0788889
13725,NEW BOSTON     ,USA,TX,33.4598415,-94.4154787
13743,AVON           ,USA,CT,41.8096201,-72.8305154
13745,KONGIGANAK     ,USA,AK,59.95985940000001,-162.8902926
13748,Milan,IT,,45.4654219,9.1859243
13759,BREVIG MISSION ,USA,AK,65.3347222,-166.4891667
13764,SPRINGFIELD    ,USA,MO,37.2089572,-93.29229889999999
13765,PANACA         ,USA,NV,37.7891056,-114.3846527
13768,LA RAMONA      ,DR,,31.0648499,-93.2553602
13777,HONOLULU,USA,HI,21.3069444,-157.8583333
13778,Denver,USA,CO,39.7392358,-104.990251
13785,ATLANTA        ,USA,GA,33.7489954,-84.3879824
13796,NEWARK         ,USA,NJ,40.735657,-74.1723667
13799,Samedan,SZ,,46.4388267,9.8712089
13849,MARJAN,SA,,24.01,44.94
13856,MOORINGSPORT   ,USA,LA,32.6876455,-93.96101499999999
13858,HOUSTON        ,USA,TX,29.7604267,-95.3698028
13877,KAKAP,IM,,,
13885,CHARLESTON     ,USA,SC,32.7764749,-79.93105120000001
13889,CONCORD        ,USA,NH,43.2081366,-71.5375718
13920,BARTER ISLAND  ,USA,AK,70.1266685,-143.663435
13941,Goodland,USA,KS,39.350833,-101.7101722
13949,MORGANTON      ,USA,NC,35.7454071,-81.6848188
13956,SALT LAKE CITY ,USA,UT,40.7607793,-111.8910474
13971,PACIFIC OCEAN  ,,PO,22.2335141,114.1695457
13973,DAUPHIN ISLAND ,USA,AL,30.2542565,-88.1124155
13987,MIAMI          ,USA,FL,25.7616798,-80.1917902
13989,Nova Lima,BR,,-19.9930478,-43.84855659999999
14003,Sochi,RS,,43.60280789999999,39.7341543
14004,Andratx,SP,,39.5744273,2.4202537
14016,KETCHIKAN      ,USA,AK,55.34222219999999,-131.6461111
14037,PORTAGE CREEK  ,USA,AK,58.9061111,-157.7175
14064,BHARU,MY,,5.3539857,100.2096441
14092,YOSEMITE NATION,USA,CA,37.8651011,-119.5383294
14108,MANAPOURI      ,NZ,,-45.5664514,167.6088222
14136,Nadi,FJ,,-17.7765356,177.4356227
14152,PHILADELPHIA   ,USA,PA,39.9525839,-75.1652215
14172,CHALLAO        ,AR,,-32.8666644,-68.9222606
14201,Bohusovice nad Ohri,USA,FN,,
14223,QUINHAGAK      ,USA,AK,59.7488889,-161.9158333
14229,Colonia,UY,,-34.1498616,-57.4627259
14248,BEAVER VILLAGE ,USA,AK,66.3594444,-147.3963889
14272,BLACK MOUNTAIN ,USA,NV,36.0160193,-114.9783837
14277,LONG BEACH     ,USA,CA,33.7700504,-118.1937395
14290,DEL RIO        ,USA,TX,29.3708857,-100.8958674
14295,ALMA           ,USA,GA,31.5393701,-82.4623557
14304,PHILADELPHIA   ,USA,PA,39.9525839,-75.1652215
14325,SHIPSHOAL 295  ,,GM,,
14361,GLENNALLEN     ,USA,AK,62.1097214,-145.557302
14378,CLEVELAND      ,USA,OH,41.49932,-81.6943605
14389,ABIDJAN        ,IV,,5.313065,-4.0041909
14399,Grenchen,SZ,,47.1922876,7.3958907
14418,ATLANTA        ,USA,GA,33.7489954,-84.3879824
14426,SALT LAKE CITY ,USA,UT,40.7607793,-111.8910474
14469,LEADVILLE      ,USA,CO,39.2508229,-106.2925238
14481,MEMPHIS        ,USA,TN,35.1495343,-90.0489801
14501,LONGVIEW       ,USA,TX,32.5007037,-94.74048909999999
14513,Mattawa,CA,,46.31748,-78.702193
14531,Cozumel,MX,,20.4229839,-86.9223432
14571,SANDY          ,USA,UT,40.5649781,-111.8389726
14580,ST. LOUIS      ,USA,MO,38.6270025,-90.19940419999999
14584,Newport,UK,,51.584151,-2.997664
14607,NASSAU         ,BF,,30.6794477,-81.9651863
14610,Seosan,KS,,39.011902,-98.4842465
14630,Libourne,FR,,44.91299799999999,-0.243985
14644,PASEO LAS PALMA,CS,,39.6177881,16.6374778
14702,Albuquerque,USA,NM,35.0853336,-106.6055534
14734,PANAMA CITY    ,USA,FL,30.1588129,-85.6602058
14790,GLACIER        ,USA,WA,48.8901226,-121.9457016
14793,WALES          ,USA,AK,65.6091667,-168.0875
14796,LIME VILLAGE   ,USA,AK,61.3563889,-155.4355555
14818,Barcelona,VE,,10.1445691,-64.67768
14835,PORT ALSWORTH  ,USA,AK,60.20249999999999,-154.3127778
14861,DFW AIRPORT    ,USA,TX,32.8998091,-97.0403352
14881,SPOKANE        ,USA,WA,47.6587802,-117.4260466
14894,TELLER         ,USA,AK,65.26361109999999,-166.3608333
14915,GREENWOOD      ,USA,MS,33.5162315,-90.1795281
14959,ASPEN CREEK    ,USA,AK,62.3066904,-148.1721314
14981,TANNERSVILLE   ,USA,NY,42.1956438,-74.13375080000002
14988,UGANIK PASS    ,USA,AK,57.8102778,-153.2947222
15020,OGDEN          ,USA,UT,41.223,-111.9738304
15025,Uljin Airport,KS,,39.011902,-98.4842465
15035,EMMONAK        ,USA,AK,62.77563749999999,-164.5544697
15049,BRIDGEPORT     ,USA,CA,38.2557045,-119.2313932
15061,WAIMEA         ,USA,HI,20.0230556,-155.6716667
15069,Arteaga,MX,,25.4546718,-100.850791
15098,MINNEAPOLIS    ,USA,MN,44.977753,-93.2650108
15120,NASSAU         ,BF,,30.6794477,-81.9651863
15134,Molinicos,SP,,38.4663699,-2.2405913
15168,FLORIDANA      ,USA,FL,27.9457482,-80.49977369999999
15208,PORTLAND       ,USA,OR,45.5230622,-122.6764816
15221,PHILADELPHIA   ,USA,PA,39.9525839,-75.1652215
15231,MEXICAN HAT    ,USA,UT,37.151946,-109.8670664
15235,NORTH HAVEN    ,USA,ME,44.132383,-68.875304
15237,Montevideo,UY,,-34.9011127,-56.16453139999999
15245,CUERNAVACA     ,MX,,18.9242095,-99.22156590000002
15247,ALMONT         ,USA,MI,42.92058420000001,-83.0449347
15251,EPPING ESSEX   ,RS,,43.0342266,-71.1591566
15282,HAYDEN         ,USA,CO,40.4894302,-107.2636842
15291,Charlotte,USA,NC,35.2270869,-80.8431267
15312,Roma,AS,,-34.6284822,-58.5214952
15320,BASALT         ,USA,CO,39.36887309999999,-107.0328241
15325,PHOENIX        ,USA,AZ,33.4483771,-112.0740373
15359,Baotou,CH,,31.3192565,121.5385311
15373,Le Touguet,FR,,50.521276,1.590675
15376,BOSTON         ,USA,MA,42.3600825,-71.0588801
15381,TAFT           ,USA,CA,35.1424671,-119.4565078
15390,BARCELONA,SP,,-23.6221281,-46.5523766
15419,KONGIKANK      ,USA,AK,59.95985940000001,-162.8902926
15427,Dallas,USA,TX,32.7766642,-96.79698789999999
15429,Cayo Province,BH,,,
15435,La Crete,CA,,58.187466,-116.4069991
15456,GOLOVIN        ,USA,AK,64.5433333,-163.0291667
15466,GROSSENHAIN,GE,,51.2912275,13.531304
15475,Emäsalo,FI,,60.26522599999999,25.6205533
15484,CHEFORNAK      ,USA,AK,60.16,-164.2658333
15519,,USA,AK,64.2008413,-149.4936733
15535,CONCORD        ,USA,CA,37.9779776,-122.0310733
15537,PUERTO PLATA   ,DR,,19.7807686,-70.6871091
15546,Tepic,MX,,21.5041651,-104.8945887
15570,TREASURE CAY,BF,,,
15597,MT COOK,NZ,,-43.9105155,170.1221376
15644,Guatemala City,GT,FN,14.6349149,-90.5068824
15670,SAO TOME ISLAND,AO,,0.2602568,6.621061099999999
15717,LANAI          ,USA,HI,20.8165975,-156.9273193
15722,CABINDA        ,AO,,-5.570573899999999,12.197583
15727,Cajamarca,CO,,4.441792,-75.426844
15728,Hyeres,FR,,43.120541,6.128639
15735,QUEPOS,CS,,,
15746,UKIAH          ,USA,CA,39.1501709,-123.2077831
15762,TETLIN         ,USA,AK,63.1372222,-142.5161111
15770,RAWLINS        ,USA,WY,41.7910697,-107.2386627
15781,FLUSHING       ,USA,NY,40.7674987,-73.833079
15794,Cheshire,UK,,53.203376,-2.927308
15813,WALTON         ,USA,OR,44.0306767,-123.5853798
15820,GANDER,CA,,48.954408,-54.6103488
15850,Valencia,VE,,10.1579312,-67.9972104
15867,OXFORD,UK,,51.7520209,-1.2577263
15915,Poptun,GT,,16.3279338,-89.4221967
15921,Saint Mamet,FR,,42.78297999999999,0.6023200000000001
15925,CHURCH FENTON  ,UK,,53.82509599999999,-1.221017
15926,TUCSON         ,USA,AZ,32.2217429,-110.926479
15938,"Bathurst, Australia",AS,,-33.4176529,149.5810314
15965,AMPORT,UK,,51.19767580000001,-1.5650194
15970,ABERDEEN       ,USA,SD,45.4646985,-98.4864829
15976,FRESNO         ,USA,CA,36.7468422,-119.7725868
15987,PHOENIX        ,USA,AZ,33.4483771,-112.0740373
15999,,JM,,18.109581,-77.297508
16010,DUTCH HARBOR   ,USA,AK,53.88980000000001,-166.5422
16011,SIOUX FALLS    ,USA,SD,43.5445959,-96.73110340000001
16027,Luxembourg,LU,,49.61162100000001,6.1319346
16039,TULSA          ,USA,OK,36.1539816,-95.99277500000001
16063,Mazamitla,MX,,19.9165757,-103.0212924
16080,SHANGHAI       ,CH,,34.0848366,115.3243971
16091,"HALAWA,MOLOKAI ",USA,HI,21.1597222,-156.7422221
16104,DENVER         ,USA,CO,39.7392358,-104.990251
16123,QUETZALTENANGO ,GT,,14.8520705,-91.5305465
16130,ST. VINCENT    ,SP,,7.2508087,80.3460699
16132,ARCADIA        ,USA,FL,27.2158826,-81.8584164
16135,,HK,,22.396428,114.109497
16141,St Louis,USA,MO,38.6270025,-90.19940419999999
16144,AUSTIN         ,USA,TX,30.267153,-97.7430608
16154,SANTA ANA      ,USA,CA,33.7455731,-117.8678338
16184,WINTHROP       ,USA,WA,48.4779232,-120.1861956
16209,Yverdon,SZ,,46.7784736,6.641183
16213,INNSBRUCK,AU,,47.0203769,11.4359803
16264,RICHMOND       ,USA,VA,37.5407246,-77.4360481
16299,Guipuzcoa,SP,,,
16310,CONCEPCION     ,AR,,-28.6833305,-65.40000150000002
16331,BEMIDJI        ,USA,MN,47.4875361,-94.8858492
16336,PORTLAND       ,USA,ME,43.66147100000001,-70.2553259
16346,AUSTIN         ,USA,TX,30.267153,-97.7430608
16374,SABINE PASS    ,USA,TX,29.7335518,-93.89433269999999
16379,Glasgow,UK,,55.864237,-4.251806
16400,ATLANTA        ,USA,GA,33.7489954,-84.3879824
16435,Warszawa,PL,,52.2296756,21.0122287
16464,SCAMMON BAY    ,USA,AK,61.84277780000001,-165.5816667
16471,WEST MIFFLIN   ,USA,PA,40.3634026,-79.86643749999999
16473,TWIN HILLS     ,USA,AK,59.07916669999999,-160.275
16479,CHATHAM        ,USA,AK,57.51527780000001,-134.9436111
16485,MINNEAPOLIS    ,USA,MN,44.977753,-93.2650108
16487,CHIGUAO,VE,,6.8209268,-63.16088
16496,NOVA SCOTIA   ,CA,,44.68198659999999,-63.744311
16511,LA PALMA,PM,,39.5696005,2.6501603
16537,Gobierno,AR,,-34.7275731,-58.79957330000001
16562,FLUSHING       ,USA,NY,40.7674987,-73.833079
16587,"Kedaranath, India",IN,,30.7346267,79.0668943
16620,Port Harcourt,NI,,4.815554,7.0498442
16641,CRESCENT LAKE  ,USA,AK,60.3686246,-152.9287511
16653,PORTLAND       ,USA,OR,45.5230622,-122.6764816
16661,OCALA          ,USA,FL,29.1871986,-82.14009229999999
16669,Guatemala City,GT,,14.6349149,-90.5068824
16699,TATITLEK       ,USA,AK,60.8671301,-146.6774403
16712,SEATTLE        ,USA,WA,47.6062095,-122.3320708
16800,"Auckland, New Zealand",NZ,,-36.8484597,174.7633315
16816,EUGENE ISLAND  ,,GM,,
16822,SNOWVILLE      ,USA,UT,41.9654754,-112.7097012
16848,VACHERIE       ,USA,LA,30.0110809,-90.71971429999999
16873,Tartu,EN,,,
16902,SHIP SHOAL 90  ,,GM,,
16903,WALDRON        ,USA,WA,48.700545,-123.0280704
16941,Cabo San Lucas,MX,,22.8905327,-109.9167371
16944,Indianapolis,USA,IN,39.768403,-86.158068
16960,NORTH LAS VEGAS,USA,NV,36.1988592,-115.1175013
16971,Veradero,CU,,23.179858,-81.1885293
16976,MONTREAL,CA,,45.5016889,-73.567256
17166,LONDON         ,USA,KY,37.1289771,-84.08326459999999
17176,Cairn Gorm,UK,,57.0724694,-3.609350399999999
17179,VENTURA        ,USA,CA,34.274646,-119.2290316
17194,YAKUTAT        ,USA,AK,59.54694439999999,-139.7272222
17210,LITTLETON      ,USA,CO,39.613321,-105.0166498
17223,MISSING        ,,CB,,
17225,GALESBURG      ,USA,IL,40.94781580000001,-90.3712395
17277,MILOLII        ,USA,HI,19.18652,-155.906006
17307,ALPENA         ,USA,MI,45.0616794,-83.4327528
17357,TAKU           ,USA,AK,61.1609702,-149.8770255
17360,FRENCHGLEN     ,USA,OR,42.8279687,-118.9152153
17384,BURLINGTON TWP.,USA,NJ,40.0561471,-74.84588219999999
17398,SMITHERS       ,CA,,54.782355,-127.1685541
17405,Perigueux,FR,,45.184029,0.7211149
17406,Borneo Island,MY,FN,,
17420,PILOT POINT    ,USA,AK,57.56416669999999,-157.5791667
17450,MIAMI          ,USA,FL,25.7616798,-80.1917902
17466,El Peru,BL,,-12.0266134,-77.09801410000001
17483,Rio Frio,MX,,22.9240359,-102.8034321
17496,VANCOUVER      ,USA,WA,45.6387281,-122.6614861
17506,BOSTON         ,USA,MA,42.3600825,-71.0588801
17510,ANCHORAGE      ,USA,AK,61.2180556,-149.9002778
17512,BRUNSWICK      ,USA,GA,31.1499528,-81.49148939999999
17525,Bjornon,SW,FN,,
17552,ATLANTA        ,USA,ID,43.8016606,-115.1270768
17563,KOS            ,GR,,36.8925871,27.2877926
17565,SARASOTA       ,USA,FL,27.3364347,-82.53065269999999
17566,BALTIMORE      ,USA,MD,39.2903848,-76.6121893
17572,PHOENIX        ,USA,AZ,33.4483771,-112.0740373
17585,SPARTA         ,USA,NJ,41.0334562,-74.6363588
17598,FORT LAUDERDALE,USA,FL,26.1224386,-80.13731740000001
17599,MAUI           ,USA,HI,20.7983626,-156.3319253
17641,CHICAGO        ,USA,IL,41.8781136,-87.6297982
17675,Guatemala City,GT,,14.6349149,-90.5068824
17678,PACIFIC OCEAN  ,,PO,22.2335141,114.1695457
17689,MEADVIEW       ,USA,AZ,36.002155,-114.0684841
17690,EAST BOSTON    ,USA,MA,42.37021370000001,-71.0388601
17696,Kurnoon,IN,,15.8281257,78.0372792
17703,FORT MYERS     ,USA,FL,26.640628,-81.8723084
17708,MANOKOTAK      ,USA,AK,58.98138889999999,-159.0583332
17717,AL MANAMAH     ,BA,,26.2285161,50.5860497
17725,LONE ROCK      ,USA,WI,43.18332350000001,-90.1979016
17777,UNIONVILLE     ,USA,PA,40.907282,-77.87555870000001
17817,Helsinki,FI,,60.16985569999999,24.938379
17822,MYRTLE BEACH   ,USA,SC,33.6890603,-78.8866943
17827,CHOTEAU        ,USA,MT,47.8124531,-112.1836301
17840,Treviso,IT,,45.6668893,12.2430437
17843,LAWTON         ,USA,OK,34.6035669,-98.39592909999999
17865,CHARLOTTE      ,USA,NC,35.2270869,-80.8431267
17901,ALBANY         ,USA,NY,42.6525793,-73.7562317
17919,NEAR BRIDEPORT ,USA,CA,38.2557045,-119.2313932
17926,EAGLE          ,USA,AK,64.78805559999999,-141.2
17936,HARLINGEN      ,USA,TX,26.1906306,-97.69610259999999
17938,KAMUELA        ,USA,HI,20.0230556,-155.6716667
17962,BARROW         ,USA,AK,71.29055559999999,-156.7886111
17998,Santa Cruz ,MX,,31.23242639999999,-110.5967674
18000,KAILUA-KONA    ,USA,HI,19.639994,-155.9969261
18004,NEWARK         ,USA,NJ,40.735657,-74.1723667
18025,Sirnach,SZ,,47.4618426,8.9968358
18056,Minneapolis,USA,MN,44.977753,-93.2650108
18086,"Fox Creek, Alberta",CA,,54.40217,-116.808907
18126,HOWELL         ,USA,MI,42.6072552,-83.9293952
18134,MIAMI          ,USA,FL,25.7616798,-80.1917902
18144,LAMPASAS       ,USA,TX,31.06378399999999,-98.18169569999999
18150,Detroit,USA,MI,42.331427,-83.0457538
18174,W. COLUMBIA    ,USA,SC,33.9934867,-81.0739825
18205,Caracas,VE,,10.4805937,-66.90360629999999
18209,ESCANABA       ,USA,MI,45.74524659999999,-87.06458010000001
18212,TORONTO ,CA,,43.653226,-79.3831843
18225,SKWENTNA       ,USA,AK,61.923613,-151.1683574
18260,"Oey, Gemeinde Saanen",SZ,,,
18268,DENVER         ,USA,CO,39.7392358,-104.990251
18277,TEPIC          ,MX,,21.5041651,-104.8945887
18283,PIOCHE         ,USA,NV,37.9298739,-114.4516203
18288,Girona,SP,,-23.602368,-46.8379941
18290,BARROW         ,USA,AK,71.29055559999999,-156.7886111
18300,MARSEILLE,FR,,43.296482,5.36978
18301,TANANA         ,USA,AK,65.1719444,-152.0788889
18306,GRAND CANYON   ,USA,AZ,36.0544445,-112.1401108
18313,MEMPHIS        ,USA,TN,35.1495343,-90.0489801
18323,KIANA          ,USA,AK,66.97058609999999,-160.4397436
18343,RAVENSDALE     ,USA,WA,47.3523235,-121.9837251
18373,Los Menucos,AR,,-40.8427882,-68.08587
18390,PUNTARENAS     ,CS,,,
18405,PAXSON         ,USA,AK,63.03224760000001,-145.4972418
18413,OLD MONROE     ,USA,MO,38.9317176,-90.74679239999999
18415,NOSARA         ,CS,,9.9797332,-85.64862509999999
18468,Nassau,BF,,30.6794477,-81.9651863
18491,WESTON         ,USA,FL,26.1003654,-80.3997748
18493,Tampico,MX,,22.2331041,-97.861099
18499,YUMA           ,USA,AZ,32.6926512,-114.6276916
18503,BOISE          ,USA,ID,43.6187102,-116.2146068
18508,WINDSOR LOCKS  ,USA,CT,41.9242917,-72.6454469
18520,IKARIA ISLAND,GR,,37.5967227,26.1123078
18554,Tuxtla Gutierrez,MX,,16.7516009,-93.1029939
18560,Hamburg Harbour,GE,,53.5510846,9.9936818
18567,AMSTERDAM      ,NL,,52.3702157,4.895167900000001
18582,BECKLEY        ,USA,WV,37.7781702,-81.1881557
18618,ANCHORAGE      ,USA,AK,61.2180556,-149.9002778
18662,ATLANTA        ,USA,GA,33.7489954,-84.3879824
18676,NEVAJ          ,GT,,15.406794,-91.1472974
18734,SANFORD        ,USA,ME,43.4391627,-70.7742804
18771,Boca Chica,DR,,18.4529352,-69.6065612
18805,FAIRBANKS      ,USA,AK,64.8377778,-147.7163889
18829,PHILADELPHIA   ,USA,PA,39.9525839,-75.1652215
18844,FRANKFORT      ,GE,,38.1305349,-84.848732
18865,HARRISON       ,USA,AR,36.2297936,-93.1076765
18880,BARTLETT       ,USA,TX,30.7949121,-97.42555829999999
18881,LANDER         ,USA,WY,42.833014,-108.7306725
18884,HOLY CROSS     ,USA,AK,62.19944439999999,-159.7713889
18898,SANTO DOMINGO  ,DR,,18.4860575,-69.93121169999999
18900,KERSHAW        ,USA,SC,34.5518201,-80.5836836
18928,NEW YORK       ,USA,NY,40.7127837,-74.0059413
18932,GUSTAVUS       ,USA,AK,58.4133333,-135.7369444
18950,Ivashka Township,RS,,,
18958,BETHEL         ,USA,AK,60.7922222,-161.7558333
18977,Jamaica,USA,NY,40.702677,-73.7889689
19004,COLDFOOT       ,USA,AK,67.25243979999999,-150.1771514
19007,CHULUM JUAREZ  ,MX,,25.8740978,-97.4996044
19015,ATLANTA        ,USA,GA,33.7489954,-84.3879824
19027,WEST MIFFLIN   ,USA,PA,40.3634026,-79.86643749999999
19074,LONDON,UK,,51.5073509,-0.1277583
19078,Christchurch,NZ,,-43.5320544,172.6362254
19092,SUBIC BAY      ,RP,,,
19142,WENATCHEE      ,USA,WA,47.4234599,-120.3103494
19152,LA PUNTILLA    ,CI,,,
19165,DFW AIRPORT    ,USA,TX,32.8998091,-97.0403352
19195,FINGER LAKE    ,USA,AK,61.60654999999999,-149.277919
19197,Kota Bahru,MY,,6.124785,102.2543825
19213,VAN NUYS       ,USA,CA,34.1898566,-118.451357
19218,GREER          ,USA,SC,34.9387279,-82.2270568
19220,ILIAMNA        ,USA,AK,59.7547222,-154.9061111
19234,HOMER          ,USA,AK,59.64250000000001,-151.5483333
19282,NONDALTON      ,USA,AK,59.9736111,-154.8458333
19302,SAVOONGA       ,USA,AK,63.6941667,-170.4788888
19312,Guadalajara,MX,,20.6596988,-103.3496092
19314,APODACA        ,MX,,25.7815621,-100.1875974
19342,SAN PEDRO      ,USA,CA,33.7360619,-118.2922461
19389,Latacunga,EC,,-0.7754954,-78.52065
19425,Bangui,CT,,11.0493529,-12.4046171
19430,Palma Real,HO,,33.9395772,-116.5121655
19466,LOS ANGELES    ,USA,CA,34.0522342,-118.2436849
19547,DUBLIN         ,USA,VA,37.1056784,-80.6853433
19561,DEADHORSE      ,USA,AK,70.20019959999999,-148.4597191
19567,E.I. BLK 108   ,,GM,40.7635371,-73.97224779999999
19571,CENTRAL POINT  ,USA,OR,42.3759586,-122.9164307
19583,SLEETMUTE      ,USA,AK,61.7025,-157.1697222
19598,JACKSON        ,USA,WY,43.4799291,-110.7624282
19605,Castro Verde,PO,,42.2376227,-8.7256293
19676,LOS ANGELES    ,USA,CA,34.0522342,-118.2436849
19680,LIMA ,PE,,-12.046374,-77.0427934
19718,"Chuxiong City, China",CH,,26.0166667,101.8833333
19736,TANANA         ,USA,AK,65.1719444,-152.0788889
19754,STANLEY        ,USA,ID,44.21553919999999,-114.9351998
19761,SLIGO AIRPORT  ,EI,,,
19770,GRAND CANYON   ,USA,AZ,36.0544445,-112.1401108
19778,STONEYFORD     ,USA,CA,39.3750411,-122.5445485
19784,MEXICO CITY    ,MX,,19.4326077,-99.133208
19833,WILKES-BARRE   ,USA,PA,41.2459149,-75.88130749999999
19839,BANGOR         ,USA,ME,44.80118210000001,-68.77781379999999
19841,BROOKLYN       ,USA,NY,40.6781784,-73.9441579
19844,NEW YORK       ,USA,NY,40.7127837,-74.0059413
19857,ST. LOUIS      ,USA,MO,38.6270025,-90.19940419999999
19914,Florence,USA,KY,38.9989499,-84.62661109999999
19955,Cusco,PE,,-13.53195,-71.96746259999999
20019,BANGKOK        ,TH,,13.7563309,100.5017651
20035,Izhma,RS,,,
20042,CULEBRA        ,,PR,18.3030119,-65.3009914
20089,SPANISH FORK   ,USA,UT,40.114955,-111.654923
20154,BARROW         ,USA,AK,71.29055559999999,-156.7886111
20161,FALLON         ,USA,NV,39.4748693,-118.7770407
20162,44 NW FAIRBANKS,USA,AK,65.285488,-146.7209627
20191,GULKANA        ,USA,AK,62.20863379999999,-145.4514817
20218,Atlantic Ocean,USA,AO,,
20235,COVINGTON      ,USA,KY,39.0836712,-84.5085536
20268,San Salvador,ES,,41.6204269,-5.0870986
20279,Rio de Janeiro,BR,,-22.9068467,-43.1728965
20293,Czestochowska,PL,,50.614677,19.1511694
20335,KOTZEBUE       ,USA,AK,66.89833329999999,-162.5966666
20375,ST EUSTATIUS   ,NT,,,
20395,DFW AIRPORT    ,USA,TX,32.8998091,-97.0403352
20420,Sharm El Sheikh,EG,,27.9158175,34.3299505
20424,STRATFORD      ,USA,CT,41.18454149999999,-73.1331651
20437,WEST MONROE    ,USA,LA,32.5184775,-92.14763529999999
20476,GOLDEN,CA,BC,51.2961188,-116.9631367
20538,MEXIA          ,USA,TX,31.6798895,-96.482203
20569,Moorefield,CA,,43.759108,-80.747619
20578,NORFOLK        ,USA,NE,42.03272339999999,-97.41375529999999
20612,POCATELLO      ,USA,ID,42.8713032,-112.4455344
20627,NEWARK         ,USA,NJ,40.735657,-74.1723667
20659,VENICE         ,USA,LA,33.9850469,-118.4694832
20663,MIAMI          ,USA,FL,25.7616798,-80.1917902
20725,FINDLAY TWNSHP ,USA,PA,40.4790998,-80.2878794
20749,"Ballynacally, County Clare, Republic of Ireland",EI,,52.7192916,-9.0664948
20794,CHICAGO        ,USA,IL,41.8781136,-87.6297982
20797,LUBBOCK        ,USA,TX,33.5778631,-101.8551665
20813,BROOKSVILLE    ,USA,FL,28.5552719,-82.3878709
20814,GLACIER BAY    ,USA,AK,58.7609873,-136.3482591
20821,MONTGOMERY     ,USA,AL,32.3668052,-86.2999689
20825,KENAI          ,USA,AK,60.55444439999999,-151.2583333
20830,North Sea,UK,,50.912738,-2.930262
20887,NEAR YAKIMA    ,USA,WA,46.6020711,-120.5058987
20903,JUNEAU         ,USA,AK,58.3019444,-134.4197222
20926,Kilshanchoe,EI,,53.38391,-6.89274
20932,BILLINGS       ,USA,MT,45.7832856,-108.5006904
20939,Chilpancingo,MX,,17.5515346,-99.5006322
20977,KETCHIKAN      ,USA,AK,55.34222219999999,-131.6461111
20981,SABINE PASS    ,USA,TX,29.7335518,-93.89433269999999
21012,MATHEW         ,USA,VA,36.8994824,-80.8162923
21015,Dublin,EI,,14.3822713,120.9310117
21018,ATLANTA        ,USA,GA,33.7489954,-84.3879824
21071,TAU ,AQ,,34.261207,-118.575822
21083,COLUMBIA FALLS ,USA,MT,48.3799643,-114.1804038
21086,EKUK           ,USA,AK,58.8122145,-158.5606263
21090,MARION         ,USA,IA,42.033279,-91.5968958
21104,BETHEL         ,USA,AK,60.7922222,-161.7558333
21109,"Shepparton, Australia",AS,,-36.3775176,145.4000439
21113,DENVER         ,USA,CO,39.7392358,-104.990251
21135,PLATINUM       ,USA,AK,59.0130556,-161.8163889
21151,NEW STUYAHOK   ,USA,AK,59.4527778,-157.3119443
21155,BUCKLAND       ,USA,AK,65.9797222,-161.1230555
21166,NIGHTMUTE      ,USA,AK,60.4794444,-164.7238889
21168,Kammenniemi,FI,,61.62891209999999,23.8389673
21184,OKLAHOMA CITY  ,USA,OK,35.4675602,-97.5164276
21185,MIDDLETOWN,USA,PA,40.199814,-76.7310806
21237,HAYWARD        ,USA,CA,37.6688205,-122.0807964
21244,Neiva,CO,,2.9344837,-75.2809001
21257,NEAR YAKUTAT   ,USA,AK,59.54694439999999,-139.7272222
21266,CORSICANA      ,USA,TX,32.0954304,-96.46887269999999
21312,BRAZORIA 440L  ,,GM,29.0444147,-95.5691126
21326,GRANTS         ,USA,NM,35.14726,-107.8514466
21328,PEARSALL       ,USA,TX,28.8921939,-99.095033
21346,LUMBER CITY    ,USA,GA,31.9293488,-82.6795831
21365,Donalsonville,USA,GA,31.0404625,-84.87909110000001
21400,HOT SPRINGS    ,USA,AR,34.5037004,-93.0551795
21416,LOS ANGELES    ,USA,CA,34.0522342,-118.2436849
21448,ALBUQUERQUE    ,USA,NM,35.0853336,-106.6055534
21461,Buenos Aires,AR,,-34.6036844,-58.3815591
21479,DAYTON         ,USA,OH,39.7589478,-84.1916069
21501,NEW HAVEN      ,USA,CT,41.308274,-72.9278835
21507,"Bruera, Cheshire",UK,,53.139776,-2.842502
21526,ST. CROIX      ,,VI,17.7245968,-64.83479919999999
21571,Billings,USA,MT,45.7832856,-108.5006904
21575,EUGENE ISLAND  ,,GM,,
21578,Stockstaff am Main,GE,,,
21595,DUTCH HARBOR   ,USA,AK,53.88980000000001,-166.5422
21616,MIAMI          ,USA,FL,25.7616798,-80.1917902
21624,BELLESVILLE    ,USA,MI,42.2047619,-83.4852133
21659,ATLANTIC CITY  ,USA,NJ,39.3642834,-74.4229266
21678,DILLINGHAM     ,USA,AK,59.03972219999999,-158.4575
21679,Snow Lake,CA,,54.87856679999999,-100.0220321
21758,KAUPO          ,USA,HI,20.643209,-156.123993
21800,OCHOPEE        ,USA,FL,25.9014871,-81.3034103
21806,HONOLULU       ,USA,HI,21.3069444,-157.8583333
21814,LOS ANGELES    ,USA,CA,34.0522342,-118.2436849
21834,GRAND CANYON   ,USA,AZ,36.0544445,-112.1401108
21861,Guadalajara,MX,,20.6596988,-103.3496092
21867,NEWARK         ,USA,NJ,40.735657,-74.1723667
21874,TERRE HAUTE    ,USA,IN,39.4667034,-87.41390919999999
21882,ZEPHYRHILLS    ,USA,FL,28.2336196,-82.18119469999999
21894,SILVER PLUME   ,USA,CO,39.6960983,-105.7258386
21931,SLOVAK REPUBLIC,LO,,,
21950,Hobart Tasmania,AS,,-42.881903,147.323814
21969,ALBANY         ,USA,NY,42.6525793,-73.7562317
22005,,FR,,46.227638,2.213749
22015,ELIDA          ,USA,NM,33.9467526,-103.6566262
22037,COZUMEL        ,MX,,20.4229839,-86.9223432
22038,DALLAS/FT WORTH,USA,TX,32.761422,-96.8580128
22039,JACKSONVILLE   ,USA,FL,30.3321838,-81.65565099999999
22040,Georgetown,GY,,6.8012793,-58.1551255
22047,CLEARWATER,CA,,51.6510712,-120.0381726
22086,NEAR CHINITNA B,USA,AK,61.5179683,-144.4395913
22110,GRAND CANYON   ,USA,AZ,36.0544445,-112.1401108
22111,"Sibu, Malaysia",MY,,2.287284,111.830535
22112,"Lahore, Pakistan",PK,,31.55460609999999,74.3571581
22119,ALMAUTLAK      ,USA,AK,60.8669444,-162.2730556
22124,E BRAKE BLK 397,,GM,51.465216,5.550211
22134,PORTLAND       ,USA,IN,40.43448950000001,-84.9777455
22189,PALM SPRINGS   ,USA,CA,33.8302961,-116.5452921
22210,Barcelona,SP,,-23.6221281,-46.5523766
22234,CUBA           ,USA,NM,36.0222403,-106.9583721
22248,PHILADELPHIA   ,USA,PA,39.9525839,-75.1652215
22279,HIGH ISLAND 474,,GM,51.5535446,0.5595831
22293,ST. VINCENT    ,WN,,51.4929773,-0.1311696
22295,MOUNT PLEASANT ,USA,TN,35.5342414,-87.20695409999999
22337,NASHVILLE      ,USA,TN,36.1626638,-86.7816016
22348,Niigata,JA,,37.8901609,139.1445508
22385,LOUISVILLE     ,USA,KY,38.2526647,-85.7584557
22392,DETROIT        ,USA,MI,42.331427,-83.0457538
22402,HYANNIS        ,USA,MA,41.6524911,-70.2881124
22406,CLOVIS         ,USA,NM,34.4047987,-103.2052272
22422,MOUNT HALEAKALA,USA,HI,20.709722,-156.253333
22440,NOME           ,USA,AK,64.5011111,-165.4063889
22460,LOMPOC         ,USA,CA,34.6391501,-120.4579409
22472,FLAGSTAFF      ,USA,AZ,35.1982836,-111.651302
22504,Nairegi Enkera,KE,,,
22541,COLUMBIA       ,CO,,4.570868,-74.297333
22549,PORTLAND       ,USA,OR,45.5230622,-122.6764816
22570,RICHLAND       ,USA,VA,37.867737,-80.481888
22586,KENAI          ,USA,AK,60.55444439999999,-151.2583333
22598,WATERFORD      ,USA,CT,41.3542395,-72.164816
22616,PITTSBURGH     ,USA,PA,40.44062479999999,-79.9958864
22632,BETHEL         ,USA,AK,60.7922222,-161.7558333
22652,SEATTLE        ,USA,WA,47.6062095,-122.3320708
22662,LAREDO         ,USA,TX,27.5305671,-99.48032409999999
22670,TREMONTON      ,USA,UT,41.71187279999999,-112.1655079
22676,WEST PALM BEACH,USA,FL,26.7153424,-80.0533746
22679,FITIUTA        ,AS,,-14.2179118,-169.4239707
22683,KIVALINA       ,USA,AK,67.72694430000001,-164.5333333
22692,NEWBURGH       ,USA,NY,41.5034271,-74.0104178
22711,Némisko,CA,,36.778261,-119.4179324
22740,Monterrey,MX,,25.6866142,-100.3161126
22745,MARION         ,USA,IL,37.7306054,-88.9331256
22754,CHICAGO        ,USA,IL,41.8781136,-87.6297982
22772,Saint Pierre de Bressieux,FR,,45.316189,5.287663999999999
22786,DENVER         ,USA,CO,39.7392358,-104.990251
22837,ITHACA         ,USA,NY,42.4439614,-76.5018807
22842,PORCUPINE LODGE,USA,AK,,
22846,Coari,BR,,-4.0944897,-63.1446104
22872,AMES           ,USA,IA,42.0307812,-93.63191309999999
22881,ARUSHA,TZ,,-3.3869254,36.6829927
22893,CEYHAN ADANA,TU,,37.045706,35.8169328
22919,NUEVA COLONIA  ,CO,,6.1713679,-75.5916116
22923,TOLUCA         ,MX,,19.2826098,-99.6556653
22924,MEETEETSE      ,USA,WY,44.1571766,-108.8715193
22925,South Tim Bailier Platform,USA,GM,,
22930,SAO PAULO      ,BR,,-23.5505199,-46.63330939999999
22932,Dubai,TC,,25.1385928,55.2034879
22963,MORGAN CITY    ,USA,LA,29.6993748,-91.20676999999999
22965,AGUADILLA      ,,PR,18.4274454,-67.1540698
22983,Gelsdorf,GE,,,
22994,HOWARD         ,USA,CO,38.4484137,-105.8363368
23013,CHICAGO        ,USA,IL,41.8781136,-87.6297982
23014,Chitina,USA,AK,61.5158333,-144.4369443
23030,NELSON LAGOON  ,USA,AK,56.0019444,-161.2027778
23038,Wolfsbehringen,GE,,51.0060069,10.4914762
23042,Newark,USA,NJ,40.735657,-74.1723667
23043,LAS VEGAS      ,USA,NV,36.1699412,-115.1398296
23110,LOPEZ ISLAND   ,USA,WA,48.4869178,-122.8955117
23112,EAST GRANBY    ,USA,CT,41.9412081,-72.7273158
23116,San Paulo,BR,,-23.5505199,-46.63330939999999
23126,HAMBURG        ,USA,PA,40.5556484,-75.98187720000001
23142,"Rotterdam, The Netherlands",NL,,51.9244201,4.4777325
23155,Hodkovice,EZ,,,
23171,Puerto Plata,DR,,19.7807686,-70.6871091
23188,THOMPSON       ,USA,UT,38.9710823,-109.713735
23201,CHEVAK         ,USA,AK,61.5277778,-165.5863889
23209,LOS ANGELES,USA,CA,34.0522342,-118.2436849
23216,GUATEMALA CTY. ,GT,,14.6349149,-90.5068824
23246,Hokkaido,JA,,42.5514431,140.761925
23248,WHITTIER       ,USA,AK,60.77305560000001,-148.6838889
23263,ANGOON         ,USA,AK,57.50333329999999,-134.5838889
23272,KANSAS CITY    ,USA,MO,39.0997265,-94.5785667
23278,Querencia do Norte,BR,,-23.0840656,-53.4843365
23309,Muzino Village,RS,,,
23323,ALMA           ,USA,GA,31.5393701,-82.4623557
23338,WILLIAMSPORT   ,USA,AK,59.7139558,-153.7851391
23354,Zhuhai Sanzao Airport,CH,,,
23380,CARIBOU LAKE   ,USA,AK,59.90414260000001,-151.0575536
23382,Lyon St Exupery,FR,,45.76770639999999,4.8545213
23385,Sapotito,MX,,20.2909974,-103.3473487
23408,SHANGHAI       ,CH,,34.0848366,115.3243971
23447,APPLETON       ,USA,WI,44.2619309,-88.41538469999999
23448,PHILADELPHIA   ,USA,PA,39.9525839,-75.1652215
23457,MINTO          ,USA,AK,65.1533333,-149.3369444
23483,CHARLESTON     ,USA,WV,38.3498195,-81.6326234
23499,CHICAGO        ,USA,IL,41.8781136,-87.6297982
23520,OAKLEY         ,USA,UT,40.7146722,-111.300744
23570,San Alberto,CO,,7.761063000000001,-73.39361699999999
23576,ALBUQUERQUE    ,USA,NM,35.0853336,-106.6055534
23583,PATTERSON      ,USA,LA,29.6932641,-91.3020502
23602,Huesca,SP,,42.131845,-0.4078058
23613,BARRE          ,USA,VT,44.1767937,-72.4687538
23661,Tel Aviv,IS,,32.0852999,34.78176759999999
23717,NANTUCKET      ,USA,MA,41.2834704,-70.099451
23726,BEDMINSTER     ,USA,NJ,40.669264,-74.68039999999999
23753,ROANOKE        ,USA,VA,37.2709704,-79.9414266
23763,CLARK          ,USA,CO,40.7054117,-106.9192556
23778,ATLANTA        ,USA,GA,33.7489954,-84.3879824
23796,MENOMINEE      ,USA,MI,45.10776269999999,-87.6142737
23814,THEODORE RIVER ,USA,AK,61.3799195,-151.0424038
23827,SPRINGFIELD    ,USA,MO,37.2089572,-93.29229889999999
23832,Chittagong,BG,,22.3475365,91.8123324
23843,ATLANTIC OCEAN ,,AO,-16.9760003,11.6840589
23852,LAMOILLE       ,USA,NV,40.7279868,-115.4784204
23862,PANAMA CITY    ,USA,FL,30.1588129,-85.6602058
23872,Le Castellet,FR,,43.203551,5.776755
23878,GRAND ISLE BL73,,GM,29.2366172,-89.9872941
23905,WEST CAICOS ISL,TK,,,
23908,Tamanrassett,AG,,22.786218,5.531149399999999
23914,SIOUX FALLS    ,USA,SD,43.5445959,-96.73110340000001
23948,ATMAUTLUAK     ,USA,AK,60.8669444,-162.2730556
23992,JACKSONVILLE   ,USA,FL,30.3321838,-81.65565099999999
24001,CHICAGO        ,USA,IL,41.8781136,-87.6297982
24011,BUFFALO        ,USA,NY,42.88644679999999,-78.8783689
24044,WEST PALM BEACH,USA,FL,26.7153424,-80.0533746
24052,TOK            ,USA,AK,63.3366667,-142.9855556
24075,SKWENTNA       ,USA,AK,61.923613,-151.1683574
24078,WILMINGTON     ,USA,DE,39.7390721,-75.5397878
24089,GRAND CANYON   ,USA,AZ,36.0544445,-112.1401108
24130,NIKABUNA LAKE  ,USA,AK,60.1051208,-155.427565
24136,CROSS CITY     ,USA,FL,29.6343977,-83.12513059999999
24139,KENNER         ,USA,LA,29.9940924,-90.2417434
24149,BLOCK ISLAND   ,USA,RI,41.172137,-71.5576045
24172,MEDICINE BOW   ,USA,WY,41.8955212,-106.2047385
24180,VANDIVER,USA,AL,33.4708325,-86.513511
24191,DELTA JUNCTION ,USA,AK,64.0377778,-145.7322222
24208,S. TIM 171D    ,,GM,30.63896939999999,104.054742
24223,CORDOVA        ,USA,AK,60.5424087,-145.7525414
24256,MINNEAPOLIS    ,USA,MN,44.977753,-93.2650108
24277,COLUMBUS       ,USA,OH,39.9611755,-82.99879419999999
24282,TRAVERSE CITY  ,USA,MI,44.7630567,-85.62063169999999
24301,SABINE         ,USA,TX,30.5639831,-93.65090049999999
24323,MIAMI          ,USA,FL,25.7616798,-80.1917902
24331,English Channel,UK,,,
24340,60 N. JAKARTA  ,ID,,-6.165962599999999,106.8559291
24370,UGASHIK        ,USA,AK,57.51305559999999,-157.3975
24387,SAN DIEGO      ,USA,CA,32.715738,-117.1610838
24388,FORT MYERS     ,USA,FL,26.640628,-81.8723084
24416,PORT ALSWORTH  ,USA,AK,60.20249999999999,-154.3127778
24421,BILLINGS       ,USA,MT,45.7832856,-108.5006904
24441,DEADHORSE      ,USA,AK,70.20019959999999,-148.4597191
24444,NEW STUYAHOK   ,USA,AK,59.4527778,-157.3119443
24446,Maiquetia,VE,,10.6035234,-66.99284399999999
24447,Karelia,RS,,,
24462,BROOMFIELD     ,USA,CO,39.9205411,-105.0866504
24463,VERNAL         ,USA,UT,40.4555157,-109.5287479
24469,Salta,AR,,-24.7821269,-65.4231976
24484,MINERAL WELLS  ,USA,TX,32.8084605,-98.1128223
24489,Lagos,NI,,6.696831299999999,3.238899
24493,HONOLULU       ,USA,HI,21.3069444,-157.8583333
24500,WALKERS CAY    ,BF,,,
24517,KETCHIKAN      ,USA,AK,55.34222219999999,-131.6461111
24551,CANDLE         ,USA,AK,65.91426799999999,-161.934799
24594,GREENSBORO,USA,NC,36.0726354,-79.7919754
24609,KETCHIKAN      ,USA,AK,55.34222219999999,-131.6461111
24614,Heathrow IAP,UK,,,
24623,DURANGO,MX,,24.0277202,-104.6531759
24635,MIAMI          ,USA,FL,25.7616798,-80.1917902
24642,ONEONTA        ,USA,NY,42.4528571,-75.0637746
24646,FLORENCE       ,USA,SC,34.1954331,-79.7625625
24653,Hong Kong,HK,,22.2783151,114.174695
24667,CHICAGO        ,USA,IL,41.8781136,-87.6297982
24700,Puebla,MX,,19.0412967,-98.20619959999999
24747,Cantagallo,EC,,-1.302578,-80.73692299999999
24756,MIAMI          ,USA,FL,25.7616798,-80.1917902
24762,ANTELOPE WELLS ,USA,NM,31.3353695,-108.5306436
24769,Santa Rosa,EC,,-3.4593888,-79.9668308
24774,HI. NAT'L PARK ,USA,HI,,
24779,WALLINGFORD    ,USA,CT,41.4570108,-72.8230736
24798,TAMPA          ,USA,FL,27.950575,-82.4571776
24810,HOPEWELL       ,USA,VA,37.3043154,-77.28720009999999
24827,ECKERMAN       ,USA,MI,46.3652931,-85.0353578
24840,Darwin Aerodrome,AS,,,
24893,DECATUR        ,USA,MI,42.1080979,-85.97445689999999
24900,San Felipe,CI,,,
24926,NEAR ILIAMNA   ,USA,AK,59.7547222,-154.9061111
25007,BURSA          ,TU,,48.5195659,9.0557378
25020,Albrook,PM,,,
25033,DOUGLASSVILLE  ,USA,PA,40.2581117,-75.7262916
25043,CHICHEN ITZA,MX,,20.6783333,-88.5688888
25044,ELIM           ,USA,AK,64.61749999999999,-162.2605556
25067,Malaga,SP,,-23.4816157,-46.7780451
25080,ELKHORN        ,USA,WI,42.6727927,-88.5445447
25095,CHICAGO        ,USA,IL,41.8781136,-87.6297982
25099,WEATHERFORD    ,USA,TX,32.7592955,-97.7972544
25101,Chicago,USA,IL,41.8781136,-87.6297982
25120,SYLVAN SPRINGS ,USA,AL,33.5156628,-87.01499480000001
25137,PHILADELPHIA   ,USA,PA,39.9525839,-75.1652215
25149,"Halim, Indonesia",ID,,-6.240401899999999,106.8792665
25191,PADERBORN      ,GE,,52.2644481,5.6095899
25207,BEATTY         ,USA,NV,36.9085566,-116.7592265
25247,CHARLOTTE      ,USA,NC,35.2270869,-80.8431267
25262,GRAND JUNCTION ,USA,CO,39.0638705,-108.5506486
25298,NEAR EKWOK     ,USA,AK,59.3497222,-157.4752777
25303,BLANDING       ,USA,UT,37.6241646,-109.478177
25358,FORT YUKON     ,USA,AK,66.56734999999999,-145.2513402
25359,Jena-Isserstedt,GE,,,
25361,NOORVIK        ,USA,AK,66.8383333,-161.0327778
25371,EMPORIA        ,USA,KS,38.403903,-96.18166260000001
25376,Moscow,RS,,55.755826,37.6173
25380,LAS VEGAS      ,USA,NV,36.1699412,-115.1398296
25389,PHILADELPHIA   ,USA,PA,39.9525839,-75.1652215
25411,KIVALINA       ,USA,AK,67.72694430000001,-164.5333333
25451,HAINES         ,USA,AK,59.2358333,-135.445
25466,IVANOF BAY     ,USA,AK,55.9105409,-159.4922634
25468,Swan River,CA,,52.1050923,-101.2706212
25475,ST. THOMAS     ,,VI,18.335361,-64.95340089999999
25496,CHICAGO        ,USA,IL,41.8781136,-87.6297982
25511,Piedras Negras,MX,,28.6916182,-100.5408622
25530,ATLANTIC OCEAN ,,AO,-16.9760003,11.6840589
25542,SPARREVOHN     ,USA,AK,65.56389,-167.91888
25552,South Timbalier 127,USA,GM,,
25555,GROTON         ,USA,CT,41.3497456,-72.0790717
25603,LA CEIBA       ,HO,,15.7734407,-86.7868604
25629,Taipei,TW,,25.0329694,121.5654177
25650,Monterrey,MX,,25.6866142,-100.3161126
25659,FT.LAUDERDALE  ,USA,FL,26.1224386,-80.13731740000001
25663,ELFIN COVE     ,USA,AK,58.1944444,-136.3433333
25673,NUIQSUT        ,USA,AK,70.2175,-150.9763889
25688,Ishikawa,JA,,36.5433825,136.6120907
25690,MIAMI          ,USA,FL,25.7616798,-80.1917902
25702,FAIRBANKS      ,USA,AK,64.8377778,-147.7163889
25708,TAMBON THA CHAL,IN,,,
25745,EAGLE          ,USA,AK,64.78805559999999,-141.2
25764,HIGH ISLAND A20,,GM,51.5535446,0.5595831
25772,MOLINE         ,USA,IL,41.5067003,-90.51513419999999
25818,Telluride,USA,CO,37.9374939,-107.8122852
25834,PELICAN NARROWS,CA,,55.171526,-102.939774
25857,JACKSONVILLE   ,USA,FL,30.3321838,-81.65565099999999
25904,PLEASANTON     ,USA,CA,37.6624312,-121.8746789
25908,Niedersachsen,GE,,52.2883983,10.552325
25914,KAHULUI        ,USA,HI,20.8893351,-156.4729469
25936,Schefferville,CA,,54.8245589,-66.81747949999999
25945,JUNEAU         ,USA,AK,58.3019444,-134.4197222
25949,VIRGINIA CITY  ,USA,NV,39.3095135,-119.6499793
25980,CHICAGO        ,USA,IL,41.8781136,-87.6297982
26042,GAKONA         ,USA,AK,62.3019444,-145.3019444
26060,JUNEAU         ,USA,AK,58.3019444,-134.4197222
26061,BENTLEY CREEK  ,USA,PA,41.946463,-76.71328539999999
26087,AKIACHAK       ,USA,AK,60.9094444,-161.4313889
26110,HIGH ISLAND 389,,GM,51.5535446,0.5595831
26132,MIAMI          ,USA,FL,25.7616798,-80.1917902
26175,PATTERSON      ,USA,LA,29.6932641,-91.3020502
26182,Libertad,UY,,-34.6395791,-56.6121145
26211,CHARLESTON     ,USA,WV,38.3498195,-81.6326234
26220,ALBUQUERQUE    ,USA,NM,35.0853336,-106.6055534
26221,FARGO          ,USA,ND,46.8771863,-96.7898034
26230,BOSTON         ,USA,MA,42.3600825,-71.0588801
26240,Empingham,UK,,52.6672407,-0.5970475
26260,TRAVERSE CITY  ,USA,MI,44.7630567,-85.62063169999999
26277,MIAMI          ,USA,FL,25.7616798,-80.1917902
26280,COVINGTON      ,USA,KY,39.0836712,-84.5085536
26289,CHARLOTTE      ,USA,NC,35.2270869,-80.8431267
26302,Ayapel,CO,,8.3092849,-75.140264
26316,PEOTONE        ,USA,IL,41.3322554,-87.78532170000001
26339,Ramstein,GE,,,
26347,PAXSON         ,USA,AK,63.03224760000001,-145.4972418
26358,CASHMERE       ,USA,WA,47.5223465,-120.4698024
26361,KETCHIKAN      ,USA,AK,55.34222219999999,-131.6461111
26362,SAN LUIS OBISPO,USA,CA,35.2827524,-120.6596156
26390,VALPARAISO     ,CI,,-16.023795,-48.0179957
26403,GRAYLING       ,USA,AK,62.90361109999999,-160.0647222
26414,Dhoyntji,AS,,,
26417,Sao Paulo,BR,,-23.5505199,-46.63330939999999
26444,FALLON         ,USA,NV,39.4748693,-118.7770407
26460,Solo (Java Is.),ID,,-6.9228108,107.6598149
26476,ROSKILDE       ,DA,,55.64191,12.087845
26513,DENVER         ,USA,CO,39.7392358,-104.990251
26520,ATLANTA        ,USA,GA,33.7489954,-84.3879824
26538,Tanjung Pinang,ID,,0.9185504,104.4665072
26566,NEW YORK       ,USA,NY,40.7127837,-74.0059413
26567,WEST PALM BEACH,USA,FL,26.7153424,-80.0533746
26593,ASPEN          ,USA,CO,39.1910983,-106.8175387
26597,PROVIDENCE     ,USA,RI,41.8239891,-71.4128343
26603,MERION         ,USA,PA,39.9982136,-75.2508229
26611,LANE CITY      ,USA,TX,29.2152606,-96.02612649999999
26622,MASON CITY     ,USA,IA,43.1535728,-93.20103669999999
26630,Dulles Airport,USA,VA,38.9531162,-77.45653879999999
26639,FT. LAUDERDALE ,USA,FL,26.1224386,-80.13731740000001
26649,Harare,ZI,,-17.8906362,30.9920867
26658,Finningley,UK,,53.4863102,-0.9843103
26665,TOGIAK         ,USA,AK,59.06194439999999,-160.3763889
26705,Cuidad Guayana,VE,,8.3663119,-62.6496813
26706,Aguascalientes,MX,,21.8852562,-102.2915677
26724,Madrid,SP,,-22.7349114,-47.1697091
26733,KOYUK          ,USA,AK,64.93194439999999,-161.1569443
26740,WENZHO         ,CH,,27.98121,120.7061292
26752,Miami,USA,FL,25.7616798,-80.1917902
26783,MONUMENT VALLEY,USA,UT,37.00424539999999,-110.1734785
26789,PORT WALTER    ,USA,AK,56.3810172,-134.6509311
26801,ALTOONA        ,USA,PA,40.5186809,-78.3947359
26819,DETROIT        ,USA,MI,42.331427,-83.0457538
26858,SANTAN,ID,,-0.055815,117.451302
26869,DENVER         ,USA,CO,39.7392358,-104.990251
26870,BREVIG MISSION ,USA,AK,65.3347222,-166.4891667
26882,Medellin,CO,,6.253040800000001,-75.5645737
26899,OUZINKIE       ,USA,AK,57.9236111,-152.5022222
26919,Bella Bella,CA,,52.1605419,-128.1455793
26973,SKWENTNA       ,USA,AK,61.923613,-151.1683574
26974,KAOHSLUNG      ,TW,,22.6272784,120.3014353
26994,VAN NUYS,USA,CA,34.1898566,-118.451357
27003,NAKNEK         ,USA,AK,58.72833329999999,-157.0138889
27009,Dulles,USA,VA,38.9558546,-77.44781929999999
27066,Amaga,CO,,6.037113000000001,-75.702277
27067,"Kempton, Germany",GE,,,
27068,PUNTO FIJO     ,VE,,11.711511,-70.1813018
27084,"Beluru, Sarawak",MY,,3.983333,114.1
27094,NASHVILLE      ,USA,TN,36.1626638,-86.7816016
27099,KANSAS CITY    ,USA,MO,39.0997265,-94.5785667
27104,BETHEL         ,USA,AK,60.7922222,-161.7558333
27140,OCRACOKE       ,USA,NC,35.1146152,-75.9810097
27175,KOTZEBUE       ,USA,AK,66.89833329999999,-162.5966666
27187,NEWMARKET      ,UK,,52.24487999999999,0.407962
27196,Cranbrook,CA,,49.5129678,-115.7694002
27220,CINCINNATI     ,USA,OH,39.1031182,-84.5120196
27239,Saga,JA,,33.2559781,130.2622999
27325,SYRACUSE       ,USA,NY,43.0481221,-76.14742439999999
27347,Toccoa,USA,GA,34.5773206,-83.3323851
27350,GREELEY        ,USA,CO,40.4233142,-104.7091322
27375,Yogyakarta,ID,,-7.7955798,110.3694896
27378,NEWBURGH       ,USA,NY,41.5034271,-74.0104178
27394,LUQUA          ,MT,,35.8582865,14.4868883
27397,MEETEETSE      ,USA,WY,44.1571766,-108.8715193
27402,Memphis,USA,TN,35.1495343,-90.0489801
27443,PORT O'CONNER  ,USA,TX,28.4475898,-96.4053596
27451,Moisselles,FR,,49.04616799999999,2.341234
27495,NEAR KIPNUK    ,USA,AK,59.9401747,-164.0833318
27502,"Katra, India",IN,,22.9731219,86.8546573
27512,PENDLETON      ,USA,OR,45.672075,-118.7885967
27514,Alice Arm,CA,,55.482822,-129.489969
27530,Brest,FR,,48.390394,-4.486076
27548,Mahone,TZ,,32.5360581,-94.3561568
27578,KALAMAZOO      ,USA,MI,42.2917069,-85.5872286
27581,"Saskatoon, Saskatchewan, Canada",CA,,52.1332144,-106.6700458
27590,MORA           ,USA,NM,35.9742227,-105.3300057
27596,CUIDAD BOLIVAR ,VE,,8.088279100000001,-63.5535552
27608,CATAMARA,EC,,,
27630,TRINIDAD       ,WN,,35.8237569,-105.9200238
27642,GRANGEVILLE    ,USA,ID,45.926552,-116.1223654
27698,BENTON HARBOR  ,USA,MI,42.1167065,-86.45418939999999
27707,Sakha Republic,RS,,66.7613451,124.1237531
27712,BULVERDE       ,USA,TX,29.7438332,-98.4530729
27743,ARICA          ,PE,,-1.583256,-75.18881999999999
27748,Yardley,USA,PA,40.245664,-74.8459972
27772,RIO SIDRA      ,PM,,,
27786,BANGOR         ,USA,ME,44.80118210000001,-68.77781379999999
27789,Buckinghamshire,UK,,51.8137073,-0.8094705
27798,BETHEL         ,USA,AK,60.7922222,-161.7558333
27803,Gulf of Mexico,USA,,30.0367543,-84.336621
27811,Channel Islands,UK,AO,,
27834,HYANNIS        ,USA,MA,41.6524911,-70.2881124
27835,ILIAMNA        ,USA,AK,59.7547222,-154.9061111
27895,ANGLETON       ,USA,TX,29.16941,-95.4318847
27896,GOLDFIELD      ,USA,NV,37.7084481,-117.2357131
27958,BUTTE          ,USA,MT,46.0038232,-112.5347776
27959,Hamm-Lippewiese,GE,,51.6738583,7.815981600000001
27981,ORLANDO        ,USA,FL,28.5383355,-81.3792365
28014,Grand Isle S108,USA,GM,29.2366172,-89.9872941
28020,CHICOPEE       ,USA,MA,42.1487043,-72.6078672
28036,Riyadh,SA,,24.7135517,46.6752957
28040,LITTLE ROCK    ,USA,AR,34.7464809,-92.28959479999999
28042,VALDEZ         ,USA,AK,61.13083330000001,-146.3483333
28049,METLAKATLA     ,USA,AK,55.1291667,-131.5722222
28060,GLEN BURNIE    ,USA,MD,39.1626084,-76.6246886
28109,COLUMBUS       ,USA,OH,39.9611755,-82.99879419999999
28130,DETROIT        ,USA,MI,42.331427,-83.0457538
28131,Zurich,SZ,,47.2226601,8.751896
28140,Shakar Darah District,AF,,,
28143,Taitung,TW,,22.7972447,121.0713702
28147,FORT YUKON     ,USA,AK,66.56734999999999,-145.2513402
28170,SAN FRANCISCO  ,USA,CA,37.7749295,-122.4194155
28181,TWO LAKES      ,USA,AK,61.123027,-153.7985623
28190,Victoriaville,CA,,46.0556724,-71.95895589999999
28194,Ilheua,BR,,-14.7935051,-39.0463797
28207,Canberra,AS,,-35.2819998,149.1286843
28223,ST. AUGUSTINE  ,USA,FL,29.9012437,-81.31243409999999
28231,Rio Branco,BR,,-9.975377,-67.8248977
28250,CONGOTOWN      ,CF,,,
28281,FARGO          ,USA,ND,46.8771863,-96.7898034
28294,Auckland,NZ,,-36.8484597,174.7633315
28309,MANGROVE KEY   ,CF,,,
28322,Boquete,PM,,,
28338,Monastir,TS,,,
28345,OLATHE         ,USA,KS,38.8813958,-94.81912849999999
28347,AMERY          ,USA,WI,45.3069062,-92.3621369
28349,Ishpingo,EC,,-2.4377072,-76.7960732
28356,Port Alberni,CA,,49.2338882,-124.8055494
28366,MIAMI          ,USA,FL,25.7616798,-80.1917902
28381,GISBORNE,NZ,,-38.662334,178.017649
28384,NONDALTON      ,USA,AK,59.9736111,-154.8458333
28387,Amsterdam,NL,,52.3702157,4.895167900000001
28395,MYRTLE BEACH   ,USA,SC,33.6890603,-78.8866943
28435,SMITHVILLE     ,USA,TN,35.9606185,-85.8141516
28456,KOTZEBUE       ,USA,AK,66.89833329999999,-162.5966666
28470,DRIFT RIVER    ,USA,AK,60.5888675,-152.1619772
28473,Curico,CI,,,
28493,KagawaPrefectur,JA,,34.3587104,133.9680741
28509,HOMER          ,USA,AK,59.64250000000001,-151.5483333
28520,EL PASO        ,USA,TX,31.7618778,-106.4850217
28526,EAST CAMERON   ,,GM,,
28534,Moosonee,CA,,51.273089,-80.64004899999999
28537,ATLANTIC CITY  ,USA,NJ,39.3642834,-74.4229266
28541,EMMETT         ,USA,ID,43.8734978,-116.4993012
28566,FABREGUES,FR,,43.549831,3.778934999999999
28580,GRAND CANYON   ,USA,AZ,36.0544445,-112.1401108
28601,MUSTANG ISLAND ,,GM,,
28602,HIGH ISL BLK595,,GM,51.5535446,0.5595831
28604,Saint Gondon,FR,,47.698268,2.543024
28613,DENVER         ,USA,CO,39.7392358,-104.990251
28674,Zuerich,SZ,,47.2226601,8.751896
28683,KEYSER         ,USA,WV,39.4409277,-78.9739156
28690,KODIAK         ,USA,AK,57.79000000000001,-152.4072222
28698,ESTACADA       ,USA,OR,45.28956549999999,-122.3336963
28713,GULF OF MEXICO ,,GM,,
28719,GRAND FORKS    ,USA,ND,47.9252568,-97.0328547
28720,MONTROSE       ,USA,CO,38.4783198,-107.8761738
28723,RAPID CITY     ,USA,SD,44.0805434,-103.2310149
28734,BENTONVILLE    ,USA,AR,36.3728538,-94.2088172
28745,RUSSIAN MISSION,USA,AK,61.785,-161.3202778
28776,COLUMBIA       ,USA,SC,34.0007104,-81.0348144
28807,"McIvor Lake, BC",CA,,50.01605989999999,-125.3781494
28827,La Campa,HO,,,
28848,Caratagena,CO,,10.3910485,-75.4794257
28880,Mazama,USA,WA,48.5920867,-120.4039844
28889,TAKOTNA        ,USA,AK,62.9886111,-156.0641666
28917,SAN JUAN       ,,PR,18.4655394,-66.1057355
28937,SAN DIEGO      ,USA,CA,32.715738,-117.1610838
28968,BETTLES        ,USA,AK,66.9188889,-151.5161111
28978,PRNC FREDERICK ,USA,MD,38.5403996,-76.5844017
28996,DEFIANCE       ,USA,OH,41.2844933,-84.3557802
28999,Kabul,AF,,34.5553494,69.207486
29005,POINT HOPE     ,USA,AK,68.3477778,-166.8080556
29027,HAMILTON       ,USA,AL,34.1423235,-87.98864379999999
29043,CHICAGO        ,USA,IL,41.8781136,-87.6297982
29047,JUNEAU         ,USA,AK,58.3019444,-134.4197222
29070,"Oban, Scotland",UK,,56.415157,-5.471047
29112,WARSAW         ,USA,IN,41.2381,-85.8530469
29145,ROCHESTER      ,USA,NY,43.16103,-77.6109219
29175,MONTGOMERY     ,USA,AL,32.3668052,-86.2999689
29206,BRADFORD,USA,PA,41.9564953,-78.649163
29267,DETROIT        ,USA,MI,42.331427,-83.0457538
29270,CHARLOTTE      ,USA,NC,35.2270869,-80.8431267
29290,MT. WAIALEALE  ,USA,HI,22.0706522,-159.4961272
29294,PalmaDeMallorca,SP,,-23.5725986,-46.6503237
29304,FORT YUKON     ,USA,AK,66.56734999999999,-145.2513402
29389,PUT-IN-BAY     ,USA,OH,41.6542158,-82.8207429
29392,LAS MESITAS    ,HO,,,
29422,Fort Lauderdale,USA,FL,26.1224386,-80.13731740000001
29426,SHIP SHOAL BLK ,,GM,,
29429,EVANSTON       ,USA,WY,41.2682794,-110.9632373
29438,Mt. Tarawera,NZ,,-38.2266666,176.5066666
29456,LINDEN         ,USA,TN,35.6172917,-87.8394704
29471,Shanghai,CH,,34.0848366,115.3243971
29543,CHICAGO        ,USA,IL,41.8781136,-87.6297982
29548,MILWAUKEE      ,USA,WI,43.0389025,-87.9064736
29562,FUNTER PASS    ,USA,AK,61.5756429,-149.854247
29575,Sharjah Airport,,,25.3284352,55.5122577
29631,PETERSBURG     ,USA,AK,56.8125,-132.9555556
29657,ORLANDO        ,USA,FL,28.5383355,-81.3792365
29662,BETHEL         ,USA,AK,60.7922222,-161.7558333
29679,PATTERSON      ,USA,LA,29.6932641,-91.3020502
29697,SUSANK         ,USA,KS,38.6408447,-98.7739711
29722,POLK INLET     ,USA,AK,,
29741,LOS ANGELES    ,USA,CA,34.0522342,-118.2436849
29754,KOTLIK         ,USA,AK,63.03416670000001,-163.5533333
29763,Marmara Sea,TU,,,
29825,ROMSLEY,UK,,52.415712,-2.057134
29862,GEORGETOWN/GUY ,GY,,5.414921,100.3297612
29905,DENVER         ,USA,CO,39.7392358,-104.990251
29931,STANSTED,UK,,51.90522499999999,0.19691
29944,WEST PALM BCH  ,USA,FL,26.7153424,-80.0533746
29959,New York,USA,NY,40.7127837,-74.0059413
29967,OXFORD         ,USA,ME,44.1317459,-70.4931557
29968,MILES CITY     ,USA,MT,46.4083362,-105.8405582
29982,Sulzberg,GE,,,
30012,AUGUSTA        ,USA,GA,33.4734978,-82.0105148
30016,ATLANTIC OCEAN,,AO,-16.9760003,11.6840589
30029,OAK GROVE      ,USA,LA,32.8609625,-91.3884482
30048,CROWNPOINT     ,USA,NM,35.6780769,-108.1511785
30105,HOLY CROSS     ,USA,AK,62.19944439999999,-159.7713889
30115,Guadalajara,MX,,20.6596988,-103.3496092
30125,CAT CAY        ,BF,,,
30154,GUATEMALA CITY ,GT,,14.6349149,-90.5068824
30162,MEXICO CITY    ,MX,,19.4326077,-99.133208
30186,CHICAGO        ,USA,IL,41.8781136,-87.6297982
30190,OXFORD         ,USA,CT,41.4338203,-73.1168393
30209,GRAND CANYON   ,USA,AZ,36.0544445,-112.1401108
30221,CHARLESTON     ,USA,SC,32.7764749,-79.93105120000001
30235,ZACHER BAY     ,USA,AK,57.5558333,-153.7708333
30254,Bonapart Lake,CA,,51.2605065,-120.5692423
30258,SCOTTSDALE     ,USA,AZ,33.4941704,-111.9260519
30260,100MI S.KNG SLM,USA,AK,,
30266,ROCK SOUND     ,BF,,,
30311,LA PAZ,BL,,26.336672,-80.162521
30315,MINNEAPOLIS    ,USA,MN,44.977753,-93.2650108
30332,JUNEAU         ,USA,AK,58.3019444,-134.4197222
30343,ATLANTA        ,USA,GA,33.7489954,-84.3879824
30372,HELENA         ,USA,MT,46.5883707,-112.0245054
30415,MCCARTHY       ,USA,AK,61.4333333,-142.9216667
30443,Augsburg Bayern,GE,,48.3705449,10.89779
30447,DFW AIRPORT    ,USA,TX,32.8998091,-97.0403352
30512,BROOKEVILLE    ,USA,MD,39.1806623,-77.0591452
30513,ANACORTES      ,USA,WA,48.51260449999999,-122.6126718
30515,DODGEVILLE     ,USA,WI,42.96027429999999,-90.1301237
30561,DALLAS         ,USA,TX,32.7766642,-96.79698789999999
30571,YOUNGSTOWN     ,USA,OH,41.0997803,-80.6495194
30590,Bourdeau,FR,,45.683549,5.855506
30608,SAN VICENTE    ,ES,,42.9616458,-8.7584568
30619,Washington,USA,DC,38.9071923,-77.0368707
30689,MIAMI          ,USA,FL,25.7616798,-80.1917902
30800,DFW AIRPORT    ,USA,TX,32.8998091,-97.0403352
30813,ASUNCION       ,PA,,9.0205433,-79.5228783
30836,JAMAICA        ,USA,NY,40.702677,-73.7889689
30843,Aix,FR,,50.49434900000001,3.296177
30862,Pontianak,ID,,-0.0263303,109.3425039
30871,Melbach,GE,,,
30872,DENVER         ,USA,CO,39.7392358,-104.990251
30878,Colquiri,BL,,-17.4060805,-66.1513129
30908,CATACAMAS,HO,,,
30924,MANTA          ,EC,,-0.9676533,-80.7089101
30925,DALLAS/FT WORTH,USA,TX,32.761422,-96.8580128
30932,PUNTILLA LAKE  ,USA,AK,62.08738869999999,-152.7311158
30938,Pianello/Carena,SZ,,,
30940,METLAKATLA     ,USA,AK,55.1291667,-131.5722222
30941,SOUTH LYON     ,USA,MI,42.46059,-83.6516063
30942,JACKSONVILLE   ,USA,FL,30.3321838,-81.65565099999999
30949,El Viento,CO,,3.64059,-75.5466299
30956,          ,GB,,55.378051,-3.435973
30958,"Dhaka, Bangladesh",BG,,23.7547772,90.39823559999999
31012,NAMPA          ,USA,ID,43.5407172,-116.5634624
31027,MILES CITY     ,USA,MT,46.4083362,-105.8405582
31045,CHALLIS        ,USA,ID,44.5046445,-114.2317308
31059,Pekanbaru,ID,,0.5070677,101.4477793
31175,COOPER LANDING ,USA,AK,60.48999999999999,-149.8341667
31179,Weston,EI,,44.89080209999999,-89.5476204
31207,HOCKLEY        ,USA,TX,30.026861,-95.8458562
31208,ORLANDO        ,USA,FL,28.5383355,-81.3792365
31222,NONDALTON      ,USA,AK,59.9736111,-154.8458333
31234,LAMBOURNE      ,UK,,51.507954,-1.531531
31267,SAN JUAN       ,,PR,18.4655394,-66.1057355
31272,AIALAK BAY     ,USA,AK,59.7651728,-149.7095387
31326,San Andres Island,CO,,12.5450153,-81.7075787
31346,BETHEL         ,USA,AK,60.7922222,-161.7558333
31363,Ixchiguan,GT,,15.1673777,-91.9319117
31375,MEMPHIS        ,USA,TN,35.1495343,-90.0489801
31377,ODESSA         ,USA,TX,31.8456816,-102.3676431
31385,W CAMRN BLK 624,,GM,-16.3917158,-71.5483548
31390,Minneapolis,USA,MN,44.977753,-93.2650108
31394,JACKSON        ,USA,MS,32.2987573,-90.1848103
31405,Reims,FR,,49.258329,4.031696
31418,BURNS          ,USA,OR,43.5862606,-119.0541032
31501,DALLAS         ,USA,TX,32.7766642,-96.79698789999999
31525,San Pedro Sula,HO,,15.4894965,-88.0355444
31534,TAMPA          ,USA,FL,27.950575,-82.4571776
31555,SAN LUIS OBISPO,USA,CA,35.2827524,-120.6596156
31569,Solroed Strand,DA,,,
31598,JAMAICA        ,USA,NY,40.702677,-73.7889689
31669,GLENDALE       ,USA,AZ,33.5386523,-112.1859866
31671,HANA           ,USA,HI,20.757508,-155.988407
31675,BROWNSVILLE    ,USA,TX,25.9017472,-97.4974838
31678,MAUNALOA       ,USA,HI,21.1358333,-157.2163889
31733,FLUSHING       ,USA,NY,40.7674987,-73.833079
31768,Smolensk,RS,,54.7903112,32.0503663
31776,Macapá,BR,,0.0355735,-51.070535
31777,BILLINGS       ,USA,MT,45.7832856,-108.5006904
31786,HENDERSON      ,USA,NV,36.0395247,-114.9817213
31820,BREVARD        ,USA,NC,35.2334472,-82.7342919
31829,GOODNEWS BAY   ,USA,AK,59.12849539999999,-161.5720028
31831,Leticia,CO,,-4.203164999999999,-69.935907
31837,Uberlingen,GE,,47.7661746,9.1702772
31855,Belle Harbor,USA,NY,40.5754846,-73.8507279
31900,Sharjah,TC,,25.3340773,55.3951709
31926,TALKEETNA      ,USA,AK,62.32090460000001,-150.1066221
31980,RENO           ,USA,NV,39.5296329,-119.8138027
31981,FORT LAUDERDALE,USA,FL,26.1224386,-80.13731740000001
32003,Boulder City,USA,NV,35.9782216,-114.8345117
32020,WASHINGTON     ,USA,DC,38.9071923,-77.0368707
32050,SLEETMUTE      ,USA,AK,61.7025,-157.1697222
32053,Gunnison,USA,CO,38.5458246,-106.9253207
32078,LYON,FR,,45.764043,4.835659
32082,CHICAGO        ,USA,IL,41.8781136,-87.6297982
32086,Dusseldorf,GE,,51.3313247,6.563787
32132,PASCAGOULA     ,USA,MS,30.3657552,-88.5561272
32134,NOME           ,USA,AK,64.5011111,-165.4063889
32160,"Benthill Farm, Buckingham, UK",UK,,51.985153,-0.9757099999999999
32161,MARIA LA BAJA  ,CO,,9.983775,-75.303139
32254,D'Arcy,CA,,50.553902,-122.478883
32259,CHALLIS        ,USA,ID,44.5046445,-114.2317308
32272,ELYRIA         ,USA,OH,41.3683798,-82.10764859999999
32283,CAPE GIRARDEAU ,USA,MO,37.3058839,-89.51814759999999
32303,CUMBERLAND     ,USA,MD,39.6528654,-78.7625185
32308,SHELTER COVE   ,USA,CA,40.0304212,-124.0730866
32326,VOLCANO        ,USA,HI,19.4424663,-155.2328714
32330,AMELIA         ,USA,LA,29.6663204,-91.1020449
32332,WILMINGTON     ,USA,NC,34.2257255,-77.9447102
32336,LUBBOCK        ,USA,TX,33.5778631,-101.8551665
32366,ATLANTIC OCEAN ,,AO,-16.9760003,11.6840589
32367,TATITLEK       ,USA,AK,60.8671301,-146.6774403
32384,SALT LAKE CITY ,USA,UT,40.7607793,-111.8910474
32394,Saint Jean les Deux Jumeaux,FR,,48.9514039,3.018301
32412,LAREDO         ,USA,TX,27.5305671,-99.48032409999999
32431,JAMAICA        ,USA,NY,40.702677,-73.7889689
32436,TIN CITY       ,USA,AK,65.565744,-167.9505442
32438,INDIANAPOLIS   ,USA,IN,39.768403,-86.158068
32450,Gap Aerodrome,FR,,44.454997,6.034133
32476,Oberbarnim,GE,,,
32489,WHEELING       ,USA,IL,42.1391927,-87.9289591
32490,MEMPHIS        ,USA,TN,35.1495343,-90.0489801
32498,TALLADEGA      ,USA,AL,33.4359416,-86.1058048
32514,MORRISVILLE    ,USA,NC,35.823483,-78.8255621
32522,OMAHA          ,USA,NE,41.2523634,-95.99798829999999
32524,HINCHE,HA,,,
32536,Nadrybie Dwor,PL,,51.3444482,23.0464175
32537,EMPORIA        ,USA,KS,38.403903,-96.18166260000001
32542,Sharjah,TC,,25.3340773,55.3951709
32545,JAMAICA        ,USA,NY,40.702677,-73.7889689
32567,ANNISTON       ,USA,AL,33.6598257,-85.8316318
32580,BUENOS AIRES   ,AR,,-34.6036844,-58.3815591
32586,SANTA MARIA    ,USA,CA,34.9530337,-120.4357191
32592,JENA,GE,,51.99328389999999,6.2566263
32611,NOME           ,USA,AK,64.5011111,-165.4063889
32628,SAN FRANCISCO  ,USA,CA,37.7749295,-122.4194155
32695,ROCK SPRINGS   ,USA,WY,41.58746439999999,-109.2029043
32735,EXCELSIOR SPGS ,USA,MO,39.3391712,-94.22605589999999
32744,REDHILL AERODRO,UK,,51.2161202,-0.1428381
32759,FREEPORT       ,USA,IL,42.2966861,-89.6212271
32781,EGEGIK         ,USA,AK,58.21555559999999,-157.3758333
32788,ISTANBUL       ,TU,,39.953029,32.6977169
32823,Miami,USA,FL,25.7616798,-80.1917902
32851,Vancouver,CA,,49.2827291,-123.1207375
32867,Quevedo,EC,,-1.0225124,-79.4604035
32892,MITCHELL       ,USA,SD,43.7094283,-98.0297992
32928,DENVER         ,USA,CO,39.7392358,-104.990251
32933,Tenerife,SP,,-20.7986815,-49.37236110000001
32990,Heist,GE,,,
33014,PISTOL CREEK   ,USA,ID,44.72157259999999,-115.176106
33062,NEW YORK       ,USA,NY,40.7127837,-74.0059413
33093,KEY WEST       ,USA,FL,24.5550593,-81.7799871
33164,BETHEL         ,USA,AK,60.7922222,-161.7558333
33177,Port Said,EG,,31.2652893,32.3018661
33194,ATLANTIC CITY  ,USA,NJ,39.3642834,-74.4229266
33207,San Jose,CS,,36.522869,-5.8652962
33214,DENVER         ,USA,CO,39.7392358,-104.990251
33258,RALEIGH        ,USA,NC,35.7795897,-78.6381787
33279,COBAN          ,GT,,15.4650586,-90.38425269999999
33284,EEK            ,USA,AK,60.2188889,-162.0244444
33297,AUGUSTA        ,USA,GA,33.4734978,-82.0105148
33303,Daimontaro,EC,,,
33305,NEAR LAS VEGAS ,USA,NV,36.1699412,-115.1398296
33359,MORRISONVILLE  ,USA,NY,44.6930981,-73.5620818
33369,Mostóles,SP,,,
33375,SAN JUAN       ,,PR,18.4655394,-66.1057355
33397,KNEELAND       ,USA,CA,40.7646602,-123.997726
33414,CARLSBAD       ,USA,CA,33.1580933,-117.3505939
33428,TROUTDALE      ,USA,OR,45.5392862,-122.3873133
33435,Hoogeveen,NL,,52.7286158,6.490100200000001
33453,LUANDA         ,AO,,-8.839987599999999,13.2894368
33522,MONROE         ,USA,LA,32.5093109,-92.1193012
33525,MANSFIELD      ,USA,OH,40.75839,-82.5154471
33535,Puerto Jimenez,CS,,8.5336439,-83.30678019999999
33561,WARREN         ,USA,ID,45.2640724,-115.6765116
33567,Isparta,TU,,37.819514,30.5216126
33596,WEST LAFAYETTE ,USA,IN,40.4258686,-86.90806549999999
33599,PASADENA       ,USA,MD,39.1073317,-76.57107529999999
33629,HOUMA          ,USA,LA,29.5957696,-90.71953479999999
33632,ST PAUL        ,USA,MN,44.9537029,-93.0899578
33641,BRUNSWICK      ,USA,ME,43.9140162,-69.9669961
33643,NEWARK         ,USA,NJ,40.735657,-74.1723667
33683,FRESNO         ,USA,CA,36.7468422,-119.7725868
33696,Cachoeira do Sul,BR,,-30.033482,-52.8932815
33795,JAMAICA,USA,NY,40.702677,-73.7889689
33815,ENGLISH BAY    ,USA,AK,59.3563889,-151.9208333
33818,Cornwall,UK,,50.26604709999999,-5.0527125
33821,PAINT ROCK     ,USA,TX,31.508491,-99.9200779
33824,SALT LAKE CITY ,USA,UT,40.7607793,-111.8910474
33842,CANTWELL       ,USA,AK,63.39166669999999,-148.9508333
33847,RUIDOSO        ,USA,NM,33.3672525,-105.6588485
33858,COKEVILLE      ,USA,WY,42.0824368,-110.9551867
33888,GRAND FORKS    ,USA,ND,47.9252568,-97.0328547
33899,Buenos Aires,AR,,-34.6036844,-58.3815591
33915,Kapiti Coast,NZ,,-40.8233475,175.3136218
33925,HIGHLAND       ,USA,CA,34.1283442,-117.2086513
33939,GUSTAVUS       ,USA,AK,58.4133333,-135.7369444
33959,PINON          ,USA,AZ,36.1008342,-110.2259609
33967,Windhoek,WA,,-22.5550102,17.0319468
33970,SHEMYA         ,USA,AK,52.7228375,174.1123656
33972,YANKTON        ,USA,SD,42.87110879999999,-97.39728129999999
33976,FRESH CREEK    ,CF,,,
33981,KAHULUI        ,USA,HI,20.8893351,-156.4729469
34010,SEATTLE        ,USA,WA,47.6062095,-122.3320708
34044,HOUSTON        ,USA,TX,29.7604267,-95.3698028
34056,Las Vegas,USA,NV,36.1699412,-115.1398296
34091,"Maria Lankowitz, Austria",AU,,47.0600922,15.0821555
34099,BULLHEAD CITY  ,USA,AZ,35.1359386,-114.5285981
34133,NEW YORK       ,USA,NY,40.7127837,-74.0059413
34138,Mediterranean,SP,,,
34139,MIAMI          ,USA,FL,25.7616798,-80.1917902
34146,LAS CRUCES     ,USA,NM,32.3199396,-106.7636538
34159,GREYBULL       ,USA,WY,44.4891239,-108.0562132
34197,SAN JUAN       ,,PR,18.4655394,-66.1057355
34228,SOLDOTNA       ,USA,AK,60.4877778,-151.0583332
34242,RICHMOND       ,USA,VA,37.5407246,-77.4360481
34281,FORT LAUDERDALE,USA,FL,26.1224386,-80.13731740000001
34292,AKIACHAK       ,USA,AK,60.9094444,-161.4313889
34319,BEDFORD PARK   ,USA,IL,41.7641723,-87.7812524
34330,BETHEL         ,USA,AK,60.7922222,-161.7558333
34338,W Cameron 168,USA,GM,,
34350,SEDONA         ,USA,AZ,34.8697395,-111.7609896
34373,SAGO           ,USA,WV,38.9142671,-80.2300817
34382,EAST BOSTON    ,USA,MA,42.37021370000001,-71.0388601
34401,ELDRED ROCK    ,USA,AK,58.9716667,-135.2208333
34413,ST LOUIS       ,USA,MO,38.6270025,-90.19940419999999
34464,SMITHVILLE     ,USA,TN,35.9606185,-85.8141516
34484,OUZINKIE       ,USA,AK,57.9236111,-152.5022222
34506,PAGE           ,USA,AZ,36.91472220000001,-111.4558333
34519,FAIRBANKS      ,USA,AK,64.8377778,-147.7163889
34526,HONOLULU       ,USA,HI,21.3069444,-157.8583333
34529,HARDWICK       ,USA,MN,43.774969,-96.1994732
34573,EXUMA ISLAND   ,BF,,23.5333333,-75.83333329999999
34574,GRAND ISLAND   ,USA,NE,40.9263957,-98.3420118
34581,PENSACOLA      ,USA,FL,30.42130899999999,-87.2169149
34597,ATLANTA        ,USA,GA,33.7489954,-84.3879824
34607,Thuringen,GE,,51.9492807,6.262860499999999
34633,DENVER         ,USA,CO,39.7392358,-104.990251
34637,Puerta del Segu,SP,,-20.7676357,-49.3984774
34655,FRIDAY HARBOR  ,USA,WA,48.5342662,-123.0171242
34688,Santa Rosa,EC,,-3.4593888,-79.9668308
34707,MCGRATH        ,USA,AK,62.9532043,-155.5959922
34731,KANSAS CITY    ,USA,MO,39.0997265,-94.5785667
34733,EUGENE ISLAND  ,,GM,,
34765,Brussels,BE,,50.8503396,4.3517103
34774,DUTCH HARBOR   ,USA,AK,53.88980000000001,-166.5422
34781,Denver,USA,CO,39.7392358,-104.990251
34810,PRUDHOE BAY    ,USA,AK,70.2556453,-148.3384293
34818,DUFUR          ,USA,OR,45.4531754,-121.1306244
34841,"Ballarat, Australia",AS,,-37.5636495,143.8671868
34861,WEST LAFAYETTE ,USA,IN,40.4258686,-86.90806549999999
34898,PUERTO PLATA   ,DR,,19.7807686,-70.6871091
34909,Mexico City,MX,,19.4326077,-99.133208
34933,CESIS          ,LG,,,
34940,MEMPHIS        ,USA,TN,35.1495343,-90.0489801
34947,Col de Menee,FR,,44.7468086,5.574628
35010,CHICAGO        ,USA,IL,41.8781136,-87.6297982
35025,MUSKEGON       ,USA,MI,43.2341813,-86.24839209999999
35031,Tokyo,JA,,35.7873195,139.6583222
35096,TAIPEI,TW,,25.0329694,121.5654177
35119,TALKEETNA      ,USA,AK,62.32090460000001,-150.1066221
35153,RANCHO CORDOVA,USA,CA,38.5890723,-121.302728
